"","ID","Description","GeneRatio","BgRatio","RichFactor","FoldEnrichment","zScore","pvalue","p.adjust","qvalue","geneID","Count"
"GO:0006091","GO:0006091","generation of precursor metabolites and energy","69/721","494/18384",0.139676113360324,3.5614503023803,11.6597121726147,2.27688034795824e-20,1.00638111379754e-16,8.9996691648244e-17,"Atp6-ps/Cox5b/Pm20d1/Adcy10/Hsd11b1/Slc25a25/Gpd2/Ndufb11/Ndufa1/G6pdx/Cox7b/Pdha1/Hmgcs2/Mup2/Mup1/Mup11/Mup3/Aldoart1/Trim63/Pgd/Eno1/Atp5me/Acacb/Lep/Snca/Aldh1l1/Gapdh/Gys2/Cox6b1/Gpi1/Ldha/Pde2a/Aldoa/Cox6a2/Taldo1/Aldh1l2/Irs2/Ppp1r3b/Gapdhrt2/Pdhb/Tkt/Apoc3/Dlat/Pkm/Uqcr10/Pgam2/Gck/Uqcrq/Slc4a1/Cox7c/Ndufs4/Immp2l/Pygl/Pgf/Ndufb9/Gpd1/Ppp1r1a/Comt/Gbe1/Ndufa11/Pcdh12/Eno1b/Actn3/Pygm/Adrb1/ATP8/ATP6/COX3/ND3",69
"GO:0015980","GO:0015980","energy derivation by oxidation of organic compounds","49/721","364/18384",0.134615384615385,3.43241224794623,9.47008924030701,3.90257816701222e-14,8.62469774909700e-11,7.71272685112152e-11,"Atp6-ps/Cox5b/Pm20d1/Adcy10/Slc25a25/Gpd2/Ndufb11/Ndufa1/Cox7b/Pdha1/Mup2/Mup1/Mup11/Mup3/Atp5me/Lep/Snca/Gys2/Cox6b1/Ldha/Pde2a/Cox6a2/Irs2/Ppp1r3b/Pdhb/Apoc3/Dlat/Uqcr10/Gck/Uqcrq/Cox7c/Ndufs4/Immp2l/Pygl/Pgf/Ndufb9/Gpd1/Ppp1r1a/Comt/Gbe1/Ndufa11/Pcdh12/Actn3/Pygm/Adrb1/ATP8/ATP6/COX3/ND3",49
"GO:0006084","GO:0006084","acetyl-CoA metabolic process","17/721","42/18384",0.404761904761905,10.320586487022,12.2176627471753,1.03764871249486e-13,1.52880243640909e-10,1.36714768962042e-10,"Mpc2/Pdk1/Pdhx/Acss2/Pdha1/Tdo2/Pmvk/Hmgcs2/Acacb/Nudt7/Pdhb/Dlat/Acaca/Acly/Fasn/Hmgcs1/Mpc1",17
"GO:0003012","GO:0003012","muscle system process","49/721","432/18384",0.113425925925926,2.89212513484358,8.04042305134688,2.41966817927795e-11,1.78643578492537e-08,1.59753902652888e-08,"Cacna1s/Adcy10/Casq1/Ttn/Rem1/Mylk2/G6pdx/Fdps/Tmod4/Ptafr/Trim63/Eno1/Acacb/Gtf2ird1/Lep/Ghrl/Atp1a3/Ryr1/Scn1b/Mybpc2/Atp2a1/Aldoa/Mylpf/Trim72/Tnni2/Tnnt3/Jsrp1/Myom2/Acta1/Myoz1/Stac/Pgam2/Myh3/Myh2/Myh1/Myh4/Myh8/Myh13/Tcap/Map2k6/Ryr2/Ndufs4/Bdkrb2/Abat/Ehd3/Eno1b/Smad7/Actn3/Adrb1",49
"GO:0006163","GO:0006163","purine nucleotide metabolic process","49/721","434/18384",0.112903225806452,2.87879736924522,8.0026933025189,2.85602235613124e-11,1.78643578492537e-08,1.59753902652888e-08,"Atp6-ps/Adcy10/Hsd11b1/Slc25a25/Gpd2/Ndufb11/Ndufa1/G6pdx/Noct/Aldoart1/Ak2/Trim63/Pgd/Eno1/Atp5me/Acacb/Aldh1l1/Gapdh/Gpi1/Ldha/Pde2a/Aldoa/Taldo1/Aldh1l2/Gapdhrt2/Ldhd/Tkt/Atp5mg/Pkm/Me1/Nmnat3/Pgam2/Gck/Myh3/Myh8/Slc4a1/Ndufs4/Nampt/Adss1/Ndufb9/Gpd1/Ndufa11/Nudt12/Eno1b/Pcx/Actn3/ATP8/ATP6/ND3",49
"GO:0006936","GO:0006936","muscle contraction","40/721","309/18384",0.129449838187702,3.30070156066951,8.24031787749873,3.12436522103818e-11,1.78643578492537e-08,1.59753902652888e-08,"Cacna1s/Adcy10/Casq1/Ttn/Rem1/Mylk2/Tmod4/Ptafr/Trim63/Eno1/Ghrl/Atp1a3/Ryr1/Scn1b/Mybpc2/Atp2a1/Aldoa/Mylpf/Tnni2/Tnnt3/Jsrp1/Myom2/Stac/Pgam2/Myh3/Myh2/Myh1/Myh4/Myh8/Myh13/Tcap/Map2k6/Ryr2/Bdkrb2/Abat/Ehd3/Eno1b/Smad7/Actn3/Adrb1",40
"GO:0072522","GO:0072522","purine-containing compound biosynthetic process","35/721","245/18384",0.142857142857143,3.642559936596,8.41288223660109,3.44483959859377e-11,1.78643578492537e-08,1.59753902652888e-08,"Atp6-ps/Mpc2/Adcy10/Pdk1/Pdhx/Acss2/Ndufb11/Ndufa1/G6pdx/Pdha1/Elovl6/Ak2/Eno1/Atp5me/Acacb/Snca/Aldoa/Ldhd/Pdhb/Atp5mg/Dlat/Nmnat3/Acaca/Acly/Coasy/Ndufs4/Nampt/Adss1/Ndufb9/Mpc1/Ndufa11/Eno1b/ATP8/ATP6/ND3",35
"GO:0019362","GO:0019362","pyridine nucleotide metabolic process","30/721","185/18384",0.162162162162162,4.13479776586573,8.65795295760947,3.63753892858106e-11,1.78643578492537e-08,1.59753902652888e-08,"Hsd11b1/Gpd2/G6pdx/Noct/Aldoart1/Trim63/Pgd/Eno1/Acacb/Aldh1l1/Gapdh/Gpi1/Ldha/Aldoa/Taldo1/Aldh1l2/Gapdhrt2/Tkt/Pkm/Me1/Nmnat3/Pgam2/Gck/Slc4a1/Nampt/Gpd1/Nudt12/Eno1b/Pcx/Actn3",30
"GO:0046496","GO:0046496","nicotinamide nucleotide metabolic process","30/721","185/18384",0.162162162162162,4.13479776586573,8.65795295760947,3.63753892858106e-11,1.78643578492537e-08,1.59753902652888e-08,"Hsd11b1/Gpd2/G6pdx/Noct/Aldoart1/Trim63/Pgd/Eno1/Acacb/Aldh1l1/Gapdh/Gpi1/Ldha/Aldoa/Taldo1/Aldh1l2/Gapdhrt2/Tkt/Pkm/Me1/Nmnat3/Pgam2/Gck/Slc4a1/Nampt/Gpd1/Nudt12/Eno1b/Pcx/Actn3",30
"GO:0016051","GO:0016051","carbohydrate biosynthetic process","32/721","212/18384",0.150943396226415,3.84874257451653,8.4287537139965,5.6234767154015e-11,2.48557670820746e-08,2.22275316487712e-08,"Ugt1a6a/Atf3/Gpd2/B3galt1/G6pdx/Mup2/Mup1/Mup11/Mup3/Sesn2/Ptafr/Pgd/Eno1/Lep/Adcyap1r1/Snca/Gapdh/Gys2/Gpi1/Irs2/Ppp1r3b/Gapdhrt2/Has3/St3gal4/Pth1r/Pgam2/Gck/Slc25a10/Gpd1/Gbe1/Has1/Pcx",32
"GO:0072524","GO:0072524","pyridine-containing compound metabolic process","30/721","194/18384",0.154639175257732,3.94297725095443,8.32558984759263,1.22317989389651e-10,4.91495921002051e-08,4.39525406849894e-08,"Hsd11b1/Gpd2/G6pdx/Noct/Aldoart1/Trim63/Pgd/Eno1/Acacb/Aldh1l1/Gapdh/Gpi1/Ldha/Aldoa/Taldo1/Aldh1l2/Gapdhrt2/Tkt/Pkm/Me1/Nmnat3/Pgam2/Gck/Slc4a1/Nampt/Gpd1/Nudt12/Eno1b/Pcx/Actn3",30
"GO:0006006","GO:0006006","glucose metabolic process","33/721","234/18384",0.141025641025641,3.59586045022938,8.07410786867415,1.78269887598044e-10,6.21757928641487e-08,5.56013579911594e-08,"Adcy10/Atf3/Gpd2/Pdk1/G6pdx/Pdha1/Fabp5/Rorc/Mup2/Mup1/Mup11/Mup3/Sesn2/Eno1/Acacb/Lep/Gapdh/Gpi1/Ldha/Aldoa/Irs2/Ppp1r3b/Gapdhrt2/Pdhb/Dlat/Pkm/Pgam2/Gck/Slc25a10/Gpd1/Eno1b/Pcx/Actn3",33
"GO:0006637","GO:0006637","acyl-CoA metabolic process","21/721","99/18384",0.212121212121212,5.40864960282436,8.88626558982705,1.96936900474679e-10,6.21757928641487e-08,5.56013579911594e-08,"Mpc2/Pdk1/Pdhx/Acss2/Pdha1/Tdo2/Pmvk/Hmgcs2/Elovl6/Acacb/Snca/Acsm5/Nudt7/Pdhb/Dlat/Acaca/Acly/Fasn/Hmgcs1/Mpc1/Gpam",21
"GO:0035383","GO:0035383","thioester metabolic process","21/721","99/18384",0.212121212121212,5.40864960282436,8.88626558982705,1.96936900474679e-10,6.21757928641487e-08,5.56013579911594e-08,"Mpc2/Pdk1/Pdhx/Acss2/Pdha1/Tdo2/Pmvk/Hmgcs2/Elovl6/Acacb/Snca/Acsm5/Nudt7/Pdhb/Dlat/Acaca/Acly/Fasn/Hmgcs1/Mpc1/Gpam",21
"GO:0005996","GO:0005996","monosaccharide metabolic process","37/721","291/18384",0.127147766323024,3.24200351745142,7.78880953739242,2.90885246645045e-10,8.57141860114067e-08,7.665081411594e-08,"Ugt1a6a/Adcy10/Atf3/Gpd2/Pdk1/G6pdx/Pdha1/Fabp5/Rorc/Mup2/Mup1/Mup11/Mup3/Sesn2/Pgd/Eno1/Acacb/Lep/Gapdh/Atp1a3/Gpi1/Ldha/Aldoa/Irs2/Ppp1r3b/Gapdhrt2/Pdhb/Dlat/Pkm/Pgam2/Gck/Slc25a10/Gpd1/Eno1b/Pcx/Actn3/Aldh1a7",37
"GO:0035384","GO:0035384","thioester biosynthetic process","13/721","37/18384",0.351351351351351,8.95872849270908,9.79051669455757,6.95961803270064e-10,1.80950068850217e-07,1.61816505961554e-07,"Mpc2/Pdk1/Pdhx/Acss2/Pdha1/Elovl6/Acacb/Snca/Pdhb/Dlat/Acaca/Acly/Mpc1",13
"GO:0071616","GO:0071616","acyl-CoA biosynthetic process","13/721","37/18384",0.351351351351351,8.95872849270908,9.79051669455757,6.95961803270064e-10,1.80950068850217e-07,1.61816505961554e-07,"Mpc2/Pdk1/Pdhx/Acss2/Pdha1/Elovl6/Acacb/Snca/Pdhb/Dlat/Acaca/Acly/Mpc1",13
"GO:0045333","GO:0045333","cellular respiration","34/721","261/18384",0.130268199233716,3.32156806478869,7.63185694164305,8.11310285311743e-10,1.99221747837661e-07,1.78156147447111e-07,"Atp6-ps/Cox5b/Pm20d1/Slc25a25/Gpd2/Ndufb11/Ndufa1/Cox7b/Pdha1/Mup2/Mup1/Mup11/Mup3/Atp5me/Snca/Cox6b1/Pde2a/Cox6a2/Pdhb/Apoc3/Dlat/Uqcr10/Uqcrq/Cox7c/Ndufs4/Immp2l/Ndufb9/Gpd1/Ndufa11/Actn3/ATP8/ATP6/COX3/ND3",34
"GO:0006090","GO:0006090","pyruvate metabolic process","24/721","140/18384",0.171428571428571,4.3710719239152,8.08938668981608,1.04609328577088e-09,2.4335433279512e-07,2.17622176624357e-07,"Mpc2/Pdk1/Pdhx/Pdha1/Aldoart1/Trim63/Eno1/Gapdh/Gpi1/Ldha/Aldoa/Gapdhrt2/Pdhb/Dlat/Pkm/Me1/Pgam2/Gck/Slc4a1/Gpd1/Mpc1/Eno1b/Pcx/Actn3",24
"GO:0009060","GO:0009060","aerobic respiration","29/721","201/18384",0.144278606965174,3.67880431407456,7.71524710934164,1.32826399348362e-09,2.9354634255988e-07,2.62506910291105e-07,"Atp6-ps/Cox5b/Ndufb11/Ndufa1/Cox7b/Pdha1/Mup2/Mup1/Mup11/Mup3/Atp5me/Snca/Cox6b1/Pde2a/Cox6a2/Pdhb/Apoc3/Dlat/Uqcr10/Uqcrq/Cox7c/Ndufs4/Ndufb9/Ndufa11/Actn3/ATP8/ATP6/COX3/ND3",29
"GO:0019318","GO:0019318","hexose metabolic process","34/721","269/18384",0.12639405204461,3.22278537141207,7.41990068405175,1.80405796068475e-09,3.7971124696317e-07,3.39560784078758e-07,"Adcy10/Atf3/Gpd2/Pdk1/G6pdx/Pdha1/Fabp5/Rorc/Mup2/Mup1/Mup11/Mup3/Sesn2/Eno1/Acacb/Lep/Gapdh/Gpi1/Ldha/Aldoa/Irs2/Ppp1r3b/Gapdhrt2/Pdhb/Dlat/Pkm/Pgam2/Gck/Slc25a10/Gpd1/Eno1b/Pcx/Actn3/Aldh1a7",34
"GO:0009117","GO:0009117","nucleotide metabolic process","49/721","492/18384",0.0995934959349594,2.53942694766753,6.99287528322825,2.19014876234316e-09,4.40020796798036e-07,3.93493234574095e-07,"Atp6-ps/Adcy10/Hsd11b1/Slc25a25/Gpd2/Ndufb11/Ndufa1/G6pdx/Noct/Aldoart1/Ak2/Trim63/Pgd/Eno1/Atp5me/Acacb/Aldh1l1/Gapdh/Gpi1/Ldha/Pde2a/Aldoa/Taldo1/Aldh1l2/Gapdhrt2/Ldhd/Tkt/Atp5mg/Pkm/Me1/Nmnat3/Pgam2/Gck/Myh3/Myh8/Slc4a1/Ndufs4/Nampt/Adss1/Ndufb9/Gpd1/Ndufa11/Nudt12/Eno1b/Pcx/Actn3/ATP8/ATP6/ND3",49
"GO:1901293","GO:1901293","nucleoside phosphate biosynthetic process","36/721","305/18384",0.118032786885246,3.00959050499079,7.15012902661865,3.89958752907188e-09,7.49398994717291e-07,6.70157948359949e-07,"Atp6-ps/Mpc2/Adcy10/Pdk1/Pdhx/Acss2/Ndufb11/Ndufa1/G6pdx/Pdha1/Elovl6/Ak2/Eno1/Atp5me/Acacb/Snca/Gpi1/Aldoa/Ldhd/Pdhb/Atp5mg/Dlat/Nmnat3/Acaca/Acly/Coasy/Ndufs4/Nampt/Adss1/Ndufb9/Mpc1/Ndufa11/Eno1b/ATP8/ATP6/ND3",36
"GO:0046034","GO:0046034","ATP metabolic process","31/721","239/18384",0.129707112970711,3.30726153239051,7.25372156465914,5.04192200450957e-09,9.28553969163847e-07,8.30369172233923e-07,"Atp6-ps/Adcy10/Slc25a25/Ndufb11/Ndufa1/Aldoart1/Ak2/Trim63/Eno1/Atp5me/Gapdh/Gpi1/Aldoa/Gapdhrt2/Ldhd/Atp5mg/Pkm/Pgam2/Gck/Myh3/Myh8/Slc4a1/Ndufs4/Ndufb9/Gpd1/Ndufa11/Eno1b/Actn3/ATP8/ATP6/ND3",31
"GO:0006007","GO:0006007","glucose catabolic process","11/721","29/18384",0.379310344827586,9.67162465923765,9.44204069091531,5.67650611459952e-09,1.00360628106119e-06,8.97485493066156e-07,"Adcy10/Eno1/Gapdh/Gpi1/Ldha/Aldoa/Pkm/Pgam2/Gck/Eno1b/Actn3",11
"GO:0019674","GO:0019674","NAD metabolic process","15/721","61/18384",0.245901639344262,6.26998021873082,8.32950519236065,9.08466542978856e-09,1.54439312306406e-06,1.38108982545976e-06,"Gpd2/Eno1/Gapdh/Gpi1/Ldha/Aldoa/Pkm/Me1/Nmnat3/Pgam2/Nampt/Gpd1/Nudt12/Eno1b/Pcx",15
"GO:0006734","GO:0006734","NADH metabolic process","12/721","38/18384",0.315789473684211,8.05197459668589,8.79175211109716,1.28070245682634e-08,2.09655735524904e-06,1.87486850892121e-06,"Gpd2/Eno1/Gapdh/Gpi1/Aldoa/Pkm/Me1/Pgam2/Gpd1/Nudt12/Eno1b/Pcx",12
"GO:0006941","GO:0006941","striated muscle contraction","25/721","172/18384",0.145348837209302,3.70609295874593,7.20396684478988,1.56510864340267e-08,2.47063578708565e-06,2.20939208871317e-06,"Cacna1s/Adcy10/Casq1/Ttn/Rem1/Mylk2/Atp1a3/Ryr1/Scn1b/Atp2a1/Aldoa/Tnni2/Tnnt3/Jsrp1/Stac/Pgam2/Myh3/Myh8/Tcap/Map2k6/Ryr2/Ehd3/Smad7/Actn3/Adrb1",25
"GO:0046364","GO:0046364","monosaccharide biosynthetic process","20/721","114/18384",0.175438596491228,4.47331922038105,7.51573472885201,1.71074456706031e-08,2.60741068496778e-06,2.3317044825087e-06,"Ugt1a6a/Atf3/Gpd2/G6pdx/Mup2/Mup1/Mup11/Mup3/Sesn2/Pgd/Eno1/Lep/Gapdh/Gpi1/Gapdhrt2/Pgam2/Gck/Slc25a10/Gpd1/Pcx",20
"GO:0009205","GO:0009205","purine ribonucleoside triphosphate metabolic process","31/721","262/18384",0.118320610687023,3.01692941313485,6.64326953858647,4.46204788537728e-08,6.57408388445586e-06,5.87894379283919e-06,"Atp6-ps/Adcy10/Slc25a25/Ndufb11/Ndufa1/Aldoart1/Ak2/Trim63/Eno1/Atp5me/Gapdh/Gpi1/Aldoa/Gapdhrt2/Ldhd/Atp5mg/Pkm/Pgam2/Gck/Myh3/Myh8/Slc4a1/Ndufs4/Ndufb9/Gpd1/Ndufa11/Eno1b/Actn3/ATP8/ATP6/ND3",31
"GO:0006739","GO:0006739","NADP metabolic process","13/721","51/18384",0.254901960784314,6.49946969078894,7.94571023633704,5.59965189571645e-08,7.98401979969894e-06,7.13979384326495e-06,"Hsd11b1/G6pdx/Noct/Pgd/Acacb/Aldh1l1/Taldo1/Aldh1l2/Tkt/Me1/Gck/Nudt12/Pcx",13
"GO:0006085","GO:0006085","acetyl-CoA biosynthetic process","9/721","22/18384",0.409090909090909,10.4309670911613,8.9423398243185,6.56525805396001e-08,9.06826268703227e-06,8.10938947125653e-06,"Mpc2/Pdk1/Pdhx/Acss2/Pdha1/Pdhb/Dlat/Acly/Mpc1",9
"GO:0003009","GO:0003009","skeletal muscle contraction","12/721","44/18384",0.272727272727273,6.95397806077418,7.98872541607256,8.03457246300778e-08,1.06498156425962e-05,9.52370986852794e-06,"Casq1/Rem1/Mylk2/Atp2a1/Tnni2/Tnnt3/Jsrp1/Stac/Myh3/Myh8/Tcap/Actn3",12
"GO:0009199","GO:0009199","ribonucleoside triphosphate metabolic process","31/721","269/18384",0.115241635687732,2.93842195628748,6.47066450248471,8.19216587892018e-08,1.06498156425962e-05,9.52370986852794e-06,"Atp6-ps/Adcy10/Slc25a25/Ndufb11/Ndufa1/Aldoart1/Ak2/Trim63/Eno1/Atp5me/Gapdh/Gpi1/Aldoa/Gapdhrt2/Ldhd/Atp5mg/Pkm/Pgam2/Gck/Myh3/Myh8/Slc4a1/Ndufs4/Ndufb9/Gpd1/Ndufa11/Eno1b/Actn3/ATP8/ATP6/ND3",31
"GO:0009144","GO:0009144","purine nucleoside triphosphate metabolic process","31/721","270/18384",0.114814814814815,2.92753891200493,6.44646228184094,8.9175042844125e-08,1.12615339820295e-05,1.00707454399907e-05,"Atp6-ps/Adcy10/Slc25a25/Ndufb11/Ndufa1/Aldoart1/Ak2/Trim63/Eno1/Atp5me/Gapdh/Gpi1/Aldoa/Gapdhrt2/Ldhd/Atp5mg/Pkm/Pgam2/Gck/Myh3/Myh8/Slc4a1/Ndufs4/Ndufb9/Gpd1/Ndufa11/Eno1b/Actn3/ATP8/ATP6/ND3",31
"GO:0006119","GO:0006119","oxidative phosphorylation","22/721","151/18384",0.145695364238411,3.71492867705817,6.76801673708711,1.08697944188951e-07,1.33456920365323e-05,1.1934525743553e-05,"Atp6-ps/Cox5b/Ndufb11/Ndufa1/Cox7b/Atp5me/Snca/Cox6b1/Pde2a/Cox6a2/Apoc3/Uqcr10/Uqcrq/Cox7c/Ndufs4/Ndufb9/Ndufa11/Actn3/ATP8/ATP6/COX3/ND3",22
"GO:0006112","GO:0006112","energy reserve metabolic process","18/721","106/18384",0.169811320754717,4.32983539633109,6.94632266908556,1.48146383895884e-07,1.76974869410759e-05,1.58261641971278e-05,"Adcy10/Mup2/Mup1/Mup11/Mup3/Lep/Gys2/Irs2/Ppp1r3b/Gck/Pygl/Pgf/Ppp1r1a/Comt/Gbe1/Pcdh12/Pygm/Adrb1",18
"GO:0019320","GO:0019320","hexose catabolic process","12/721","47/18384",0.25531914893617,6.51010712072476,7.64167247843096,1.7865220250512e-07,2.07800719755956e-05,1.85827983492168e-05,"Adcy10/Eno1/Gapdh/Gpi1/Ldha/Aldoa/Pkm/Pgam2/Gck/Eno1b/Actn3/Aldh1a7",12
"GO:0009141","GO:0009141","nucleoside triphosphate metabolic process","31/721","286/18384",0.108391608391608,2.76376051133333,6.07366635495659,3.25532864677271e-07,3.66148906250169e-05,3.27432517973181e-05,"Atp6-ps/Adcy10/Slc25a25/Ndufb11/Ndufa1/Aldoart1/Ak2/Trim63/Eno1/Atp5me/Gapdh/Gpi1/Aldoa/Gapdhrt2/Ldhd/Atp5mg/Pkm/Pgam2/Gck/Myh3/Myh8/Slc4a1/Ndufs4/Ndufb9/Gpd1/Ndufa11/Eno1b/Actn3/ATP8/ATP6/ND3",31
"GO:0016052","GO:0016052","carbohydrate catabolic process","24/721","187/18384",0.128342245989305,3.27246026389373,6.31045675834055,3.31356476244497e-07,3.66148906250169e-05,3.27432517973181e-05,"Adcy10/Hsd11b1/Gpd2/Aldoart1/Trim63/Pgd/Eno1/Gapdh/Gpi1/Ldha/Aldoa/Ppp1r3b/Gapdhrt2/Pkm/Pgam2/Gck/Slc4a1/Pygl/Gpd1/Eno1b/Actn3/Pygm/Aldh1a7/Adrb1",24
"GO:0046365","GO:0046365","monosaccharide catabolic process","12/721","50/18384",0.24,6.11950069348128,7.32365008916161,3.72560073308346e-07,4.01637932688509e-05,3.59168953856954e-05,"Adcy10/Eno1/Gapdh/Gpi1/Ldha/Aldoa/Pkm/Pgam2/Gck/Eno1b/Actn3/Aldh1a7",12
"GO:0006094","GO:0006094","gluconeogenesis","17/721","102/18384",0.166666666666667,4.249653259362,6.64919162124943,4.32092832848571e-07,4.54726266950163e-05,4.06643756227164e-05,"Atf3/Gpd2/Mup2/Mup1/Mup11/Mup3/Sesn2/Eno1/Lep/Gapdh/Gpi1/Gapdhrt2/Pgam2/Gck/Slc25a10/Gpd1/Pcx",17
"GO:0006631","GO:0006631","fatty acid metabolic process","39/721","421/18384",0.0926365795724466,2.36204005389717,5.7119590289322,6.40551792650042e-07,6.58427656630974e-05,5.88805870599978e-05,"Pm20d1/Fmo4/Ptges/Pdk1/Acoxl/Acss2/Fabp5/Elovl6/Sesn2/Acacb/Aacs/Lep/Snca/Apoc1/Cyp2f2/Klhl25/Acsm5/Cyp2e1/Echdc1/Gpx4/Aldh1l2/Irs2/Tecr/Nudt7/Acox2/Apoc3/Alox15/Acaca/Acsf2/Acly/Fasn/Comt/Acat2/C3/Lipg/Scd3/Scd4/Scd1/Gpam",39
"GO:0006086","GO:0006086","acetyl-CoA biosynthetic process from pyruvate","7/721","15/18384",0.466666666666667,11.8990291262136,8.53167448441804,6.77447627508959e-07,6.80526934906727e-05,6.08568383085202e-05,"Mpc2/Pdk1/Pdhx/Pdha1/Pdhb/Dlat/Mpc1",7
"GO:0046165","GO:0046165","alcohol biosynthetic process","20/721","142/18384",0.140845070422535,3.59125627551718,6.26270427607085,7.11944955611948e-07,6.99288156401069e-05,6.25345803116459e-05,"Nsdhl/G6pdx/Fdps/Pmvk/Hmgcs2/Dhcr24/Ptafr/Cyp51/Lep/Adcyap1r1/Snca/Pcbd1/Isyna1/Pth1r/Idi1/Hmgcs1/Clcn2/Abcg1/Fgf1/Tm7sf2",20
"GO:0019319","GO:0019319","hexose biosynthetic process","17/721","106/18384",0.160377358490566,4.08928898542381,6.44452219303395,7.59430778390571e-07,7.29713921844853e-05,6.52554364498076e-05,"Atf3/Gpd2/Mup2/Mup1/Mup11/Mup3/Sesn2/Eno1/Lep/Gapdh/Gpi1/Gapdhrt2/Pgam2/Gck/Slc25a10/Gpd1/Pcx",17
"GO:0014706","GO:0014706","striated muscle tissue development","41/721","458/18384",0.0895196506550218,2.28256485109837,5.61583020350356,8.09875907634519e-07,7.61627981222249e-05,6.810938484138e-05,"Cacna1s/Casq1/Atf3/Neb/Xirp2/Klhl41/Ttn/Mylk2/Eya2/G6pdx/Skil/Fdps/Myo18b/Smyd1/Cyp26b1/Ryr1/Ldha/Alpk3/Bmal1/Mylpf/Acta1/Nr1d2/Myoz1/Klf5/Cdon/Aldh1a2/Hlf/Tcap/Ryr2/Sox11/Rtl1/Rbfox1/Tbx1/Dll1/Rpl3l/Pim1/Fgf1/Smad7/Actn3/Nrap/Adrb1",41
"GO:0046394","GO:0046394","carboxylic acid biosynthetic process","31/721","300/18384",0.103333333333333,2.63478502080444,5.76789863349391,9.24366539412273e-07,8.51187521708801e-05,7.61183411292343e-05,"Ugt1a6a/Glul/Ptges/Dhrs9/Acss2/Fabp5/Mgst2/Elovl6/Mthfr/Acacb/Apoc1/Ldha/Klhl25/Acsm5/Sephs2/Pcbd1/Tecr/Acox2/Apoc3/Pkm/Aldh1a2/Alox15/Acaca/Acly/Fasn/Abat/Cbs/Lipg/Scd3/Scd4/Scd1",31
"GO:0051146","GO:0051146","striated muscle cell differentiation","34/721","348/18384",0.0977011494252874,2.49117604859152,5.67403511945304,1.01400926279256e-06,9.01923585979352e-05,8.06554671434262e-05,"Cacna1s/Casq1/Neb/Klhl41/Ttn/Mylk2/G6pdx/Fdps/Tmod4/Trim63/Myo18b/Smyd1/Cyp26b1/Bhlhe41/Ryr1/Mybpc2/Alpk3/Trim72/Tnnt3/Myom2/Acta1/Myoz1/Klf5/Adamts15/Cdon/Dock2/Tcap/Tbx1/Adamts5/Dll1/Rpl3l/Actn3/Nrap/Adrb1",34
"GO:0062012","GO:0062012","regulation of small molecule metabolic process","36/721","380/18384",0.0947368421052632,2.41559237900577,5.63364015890673,1.0202755497504e-06,9.01923585979352e-05,8.06554671434262e-05,"Fmo4/Adcy10/Hsd11b1/Pdk1/Fabp5/Fdps/Rorc/Mup2/Mup1/Mup11/Mup3/Sesn2/Ptafr/Trim63/Eno1/Acacb/Lep/Adcyap1r1/Snca/Apoc1/Klhl25/Irs2/Ppp1r3b/Isyna1/Apoc3/Me1/Pth1r/Gck/Slc4a1/Gpd1/Comt/Clcn2/Abcg1/Fgf1/Eno1b/Actn3",36
"GO:0044282","GO:0044282","small molecule catabolic process","34/721","350/18384",0.0971428571428571,2.47694075688528,5.63630720582184,1.15527693434956e-06,0.000100124000976962,8.95369430027372e-05,"Adcy10/Gpd2/Acoxl/Tdo2/Sesn2/Aldh4a1/Pgd/Eno1/Acacb/Pon1/Lep/Cyp26b1/Aldh1l1/Gapdh/Gpi1/Ldha/Aldoa/Arg1/Echdc1/Aldh1l2/Irs2/Ldhd/Nudt7/Acox2/Pkm/Pgam2/Gck/Abat/Cbs/Eno1b/Aldh3b2/Actn3/Aldh1a7/Gldc",34
"GO:0016053","GO:0016053","organic acid biosynthetic process","31/721","304/18384",0.101973684210526,2.60011679684649,5.68372234856494,1.22807766547626e-06,0.000104386601565482,9.33488184992581e-05,"Ugt1a6a/Glul/Ptges/Dhrs9/Acss2/Fabp5/Mgst2/Elovl6/Mthfr/Acacb/Apoc1/Ldha/Klhl25/Acsm5/Sephs2/Pcbd1/Tecr/Acox2/Apoc3/Pkm/Aldh1a2/Alox15/Acaca/Acly/Fasn/Abat/Cbs/Lipg/Scd3/Scd4/Scd1",31
"GO:0007519","GO:0007519","skeletal muscle tissue development","24/721","203/18384",0.118226600985222,3.01453236132083,5.83118708447086,1.49365837888136e-06,0.000124565472351992,0.000111393986349543,"Cacna1s/Casq1/Atf3/Klhl41/Mylk2/Skil/Smyd1/Cyp26b1/Ryr1/Ldha/Bmal1/Mylpf/Acta1/Nr1d2/Myoz1/Klf5/Cdon/Hlf/Sox11/Rtl1/Rbfox1/Tbx1/Dll1/Actn3",24
"GO:0019693","GO:0019693","ribose phosphate metabolic process","35/721","372/18384",0.0940860215053763,2.39899780770435,5.50745714176561,1.68708114803306e-06,0.000138090716190854,0.000123489078184486,"Atp6-ps/Adcy10/Slc25a25/Ndufb11/Ndufa1/G6pdx/Aldoart1/Ak2/Trim63/Eno1/Atp5me/Gapdh/Gpi1/Pde2a/Aldoa/Gapdhrt2/Ldhd/Atp5mg/Pkm/Pgam2/Gck/Myh3/Myh8/Slc4a1/Ndufs4/Pygl/Adss1/Ndufb9/Gpd1/Ndufa11/Eno1b/Actn3/ATP8/ATP6/ND3",35
"GO:0006754","GO:0006754","ATP biosynthetic process","16/721","101/18384",0.158415841584158,4.03927438513616,6.18800218856697,1.89299032288783e-06,0.000151706983867382,0.000135665569045492,"Atp6-ps/Adcy10/Ndufb11/Ndufa1/Eno1/Atp5me/Aldoa/Ldhd/Atp5mg/Ndufs4/Ndufb9/Ndufa11/Eno1b/ATP8/ATP6/ND3",16
"GO:0009150","GO:0009150","purine ribonucleotide metabolic process","33/721","342/18384",0.0964912280701754,2.46032557120958,5.50762034225388,1.92207943361389e-06,0.000151706983867382,0.000135665569045492,"Atp6-ps/Adcy10/Slc25a25/Ndufb11/Ndufa1/Aldoart1/Ak2/Trim63/Eno1/Atp5me/Gapdh/Gpi1/Pde2a/Aldoa/Gapdhrt2/Ldhd/Atp5mg/Pkm/Pgam2/Gck/Myh3/Myh8/Slc4a1/Ndufs4/Adss1/Ndufb9/Gpd1/Ndufa11/Eno1b/Actn3/ATP8/ATP6/ND3",33
"GO:0006740","GO:0006740","NADPH regeneration","8/721","24/18384",0.333333333333333,8.49930651872399,7.42735152305063,2.26537917682181e-06,0.00017263751657849,0.000154382918493029,"Hsd11b1/G6pdx/Pgd/Acacb/Aldh1l1/Taldo1/Aldh1l2/Tkt",8
"GO:0019677","GO:0019677","NAD catabolic process","8/721","24/18384",0.333333333333333,8.49930651872399,7.42735152305063,2.26537917682181e-06,0.00017263751657849,0.000154382918493029,"Eno1/Gapdh/Gpi1/Aldoa/Pkm/Pgam2/Nudt12/Eno1b",8
"GO:0046166","GO:0046166","glyceraldehyde-3-phosphate biosynthetic process","6/721","12/18384",0.5,12.748959778086,8.2253694380581,2.68976664402069e-06,0.000201504551975788,0.00018019756910433,"Eno1/Gapdh/Tkt/Slc25a10/Gpd1/Pcx",6
"GO:0050881","GO:0050881","musculoskeletal movement","12/721","60/18384",0.2,5.0995839112344,6.42612035506767,2.99705192509875e-06,0.000220782825148941,0.000197437368048172,"Casq1/Rem1/Mylk2/Atp2a1/Tnni2/Tnnt3/Jsrp1/Stac/Myh3/Myh8/Tcap/Actn3",12
"GO:0046184","GO:0046184","aldehyde biosynthetic process","8/721","25/18384",0.32,8.15933425797503,7.23705251943269,3.21730925976714e-06,0.000233123064396242,0.000208472757039269,"Eno1/Gapdh/Aldoa/Tkt/Slc25a10/Gpd1/Clcn2/Pcx",8
"GO:0060537","GO:0060537","muscle tissue development","41/721","484/18384",0.0847107438016529,2.15994773099804,5.224902330081,3.28275155984978e-06,0.000234028417653807,0.000209282378730661,"Cacna1s/Casq1/Atf3/Neb/Xirp2/Klhl41/Ttn/Mylk2/Eya2/G6pdx/Skil/Fdps/Myo18b/Smyd1/Cyp26b1/Ryr1/Ldha/Alpk3/Bmal1/Mylpf/Acta1/Nr1d2/Myoz1/Klf5/Cdon/Aldh1a2/Hlf/Tcap/Ryr2/Sox11/Rtl1/Rbfox1/Tbx1/Dll1/Rpl3l/Pim1/Fgf1/Smad7/Actn3/Nrap/Adrb1",41
"GO:1901617","GO:1901617","organic hydroxy compound biosynthetic process","25/721","229/18384",0.109170305676856,2.78361567207118,5.48737304680486,3.91162716918175e-06,0.00027443479504418,0.000245416207523433,"Pltp/Nsdhl/G6pdx/Fdps/Pmvk/Hmgcs2/Dhcr24/Ptafr/Cyp51/Lep/Adcyap1r1/Snca/Ldha/Pcbd1/Isyna1/Acox2/Dct/Pth1r/Alox15/Idi1/Hmgcs1/Clcn2/Abcg1/Fgf1/Tm7sf2",25
"GO:0042692","GO:0042692","muscle cell differentiation","40/721","471/18384",0.0849256900212314,2.16542841241376,5.1767296365986,4.06559269505417e-06,0.000280779995502179,0.000251090469900138,"Cacna1s/Casq1/Neb/Klhl41/Ttn/Aplnr/Mylk2/G6pdx/Fdps/Tmod4/Trim63/Myo18b/Smyd1/Cyp26b1/Bhlhe41/Ryr1/Mybpc2/Alpk3/Adm/Trim72/Tnnt3/Cfd/Myom2/Acta1/Myoz1/Klf5/Adamts15/Cdon/Dock2/Wfikkn2/Tcap/Tbx1/Fbxo40/Adamts5/Dll1/Rpl3l/C3/Actn3/Nrap/Adrb1",40
"GO:0060538","GO:0060538","skeletal muscle organ development","24/721","215/18384",0.111627906976744,2.84627939231687,5.50167245952652,4.13159471873651e-06,0.000280948440874082,0.000251241103949078,"Cacna1s/Casq1/Atf3/Klhl41/Mylk2/Skil/Smyd1/Cyp26b1/Ryr1/Ldha/Bmal1/Mylpf/Acta1/Nr1d2/Myoz1/Klf5/Cdon/Hlf/Sox11/Rtl1/Rbfox1/Tbx1/Dll1/Actn3",24
"GO:0006735","GO:0006735","NADH regeneration","7/721","19/18384",0.368421052631579,9.3939703628002,7.39592259300204,4.62247762054304e-06,0.000296106537431888,0.000264796391535303,"Eno1/Gapdh/Gpi1/Aldoa/Pkm/Pgam2/Eno1b",7
"GO:0019682","GO:0019682","glyceraldehyde-3-phosphate metabolic process","7/721","19/18384",0.368421052631579,9.3939703628002,7.39592259300204,4.62247762054304e-06,0.000296106537431888,0.000264796391535303,"Eno1/Gapdh/Taldo1/Tkt/Slc25a10/Gpd1/Pcx",7
"GO:0061621","GO:0061621","canonical glycolysis","7/721","19/18384",0.368421052631579,9.3939703628002,7.39592259300204,4.62247762054304e-06,0.000296106537431888,0.000264796391535303,"Eno1/Gapdh/Gpi1/Aldoa/Pkm/Pgam2/Eno1b",7
"GO:0061718","GO:0061718","glucose catabolic process to pyruvate","7/721","19/18384",0.368421052631579,9.3939703628002,7.39592259300204,4.62247762054304e-06,0.000296106537431888,0.000264796391535303,"Eno1/Gapdh/Gpi1/Aldoa/Pkm/Pgam2/Eno1b",7
"GO:0006066","GO:0006066","alcohol metabolic process","32/721","344/18384",0.0930232558139535,2.37189949359739,5.1895158409017,5.92868907019636e-06,0.000368901901073064,0.000329894412605228,"Mogat1/Gpd2/Dhrs9/Nsdhl/G6pdx/Fdps/Pmvk/Hmgcs2/Dhcr24/Ptafr/Cyp51/Pon1/Lep/Adcyap1r1/Snca/Apoc1/Gde1/Pcbd1/Isyna1/Apoc3/Aldh1a2/Pth1r/Idi1/Hmgcs1/Dhrs7/Rdh11/Clcn2/Abcg1/Fgf1/Aldh3b2/Tm7sf2/Aldh1a7",32
"GO:0006695","GO:0006695","cholesterol biosynthetic process","12/721","64/18384",0.1875,4.78085991678225,6.12155041572868,6.09272370550535e-06,0.000368901901073064,0.000329894412605228,"Nsdhl/G6pdx/Fdps/Pmvk/Hmgcs2/Dhcr24/Cyp51/Idi1/Hmgcs1/Abcg1/Fgf1/Tm7sf2",12
"GO:0050879","GO:0050879","multicellular organismal movement","12/721","64/18384",0.1875,4.78085991678225,6.12155041572868,6.09272370550535e-06,0.000368901901073064,0.000329894412605228,"Casq1/Rem1/Mylk2/Atp2a1/Tnni2/Tnnt3/Jsrp1/Stac/Myh3/Myh8/Tcap/Actn3",12
"GO:1902653","GO:1902653","secondary alcohol biosynthetic process","12/721","64/18384",0.1875,4.78085991678225,6.12155041572868,6.09272370550535e-06,0.000368901901073064,0.000329894412605228,"Nsdhl/G6pdx/Fdps/Pmvk/Hmgcs2/Dhcr24/Cyp51/Idi1/Hmgcs1/Abcg1/Fgf1/Tm7sf2",12
"GO:0009206","GO:0009206","purine ribonucleoside triphosphate biosynthetic process","16/721","111/18384",0.144144144144144,3.67537579188065,5.7119572292752,6.70677488547953e-06,0.000399652752764401,0.000357393685789552,"Atp6-ps/Adcy10/Ndufb11/Ndufa1/Eno1/Atp5me/Aldoa/Ldhd/Atp5mg/Ndufs4/Ndufb9/Ndufa11/Eno1b/ATP8/ATP6/ND3",16
"GO:0006790","GO:0006790","sulfur compound metabolic process","31/721","330/18384",0.0939393939393939,2.39525910982222,5.16735988186675,6.78143811251812e-06,0.000399652752764401,0.000357393685789552,"Gsta3/Mpc2/Pdk1/Pdhx/Acss2/G6pdx/Pdha1/Mgst2/Tdo2/Pmvk/Hmgcs2/Elovl6/Mthfr/Slc5a6/Acacb/Snca/Acsm5/Nudt7/Pdhb/Dlat/Gsta4/Hs3st3b1/Acaca/Acly/Coasy/Fasn/Hmgcs1/Comt/Mpc1/Cbs/Gpam",31
"GO:0009259","GO:0009259","ribonucleotide metabolic process","33/721","363/18384",0.0909090909090909,2.31799268692473,5.12413379755642,6.93042397285638e-06,0.000403058867895069,0.000360439640139553,"Atp6-ps/Adcy10/Slc25a25/Ndufb11/Ndufa1/Aldoart1/Ak2/Trim63/Eno1/Atp5me/Gapdh/Gpi1/Pde2a/Aldoa/Gapdhrt2/Ldhd/Atp5mg/Pkm/Pgam2/Gck/Myh3/Myh8/Slc4a1/Ndufs4/Adss1/Ndufb9/Gpd1/Ndufa11/Eno1b/Actn3/ATP8/ATP6/ND3",33
"GO:0072330","GO:0072330","monocarboxylic acid biosynthetic process","23/721","207/18384",0.111111111111111,2.833102172908,5.35863693059348,7.05079714067305e-06,0.00040473406963344,0.000361937706947742,"Ptges/Dhrs9/Acss2/Fabp5/Elovl6/Acacb/Apoc1/Ldha/Klhl25/Acsm5/Tecr/Acox2/Apoc3/Pkm/Aldh1a2/Alox15/Acaca/Acly/Fasn/Lipg/Scd3/Scd4/Scd1",23
"GO:0006081","GO:0006081","cellular aldehyde metabolic process","13/721","76/18384",0.171052631578947,4.36148623987152,5.93282138530809,7.27530033883735e-06,0.000412267019200783,0.000368674126482244,"Eno1/Gapdh/Aldoa/Taldo1/Tkt/Aldh1a2/Slc25a10/Rdh11/Gpd1/Clcn2/Aldh3b3/Aldh3b2/Pcx",13
"GO:0009145","GO:0009145","purine nucleoside triphosphate biosynthetic process","16/721","112/18384",0.142857142857143,3.642559936596,5.6674070487094,7.54479638033842e-06,0.000422126582292352,0.000377491144679157,"Atp6-ps/Adcy10/Ndufb11/Ndufa1/Eno1/Atp5me/Aldoa/Ldhd/Atp5mg/Ndufs4/Ndufb9/Ndufa11/Eno1b/ATP8/ATP6/ND3",16
"GO:0061615","GO:0061615","glycolytic process through fructose-6-phosphate","8/721","28/18384",0.285714285714286,7.285119873192,6.7243010358671,8.32828592110411e-06,0.000460137797141002,0.000411483074128236,"Eno1/Gapdh/Gpi1/Aldoa/Pkm/Pgam2/Slc4a1/Eno1b",8
"GO:0009201","GO:0009201","ribonucleoside triphosphate biosynthetic process","16/721","116/18384",0.137931034482759,3.51695442154096,5.4941743343937,1.19103587243084e-05,0.000649923278536338,0.000581200740867813,"Atp6-ps/Adcy10/Ndufb11/Ndufa1/Eno1/Atp5me/Aldoa/Ldhd/Atp5mg/Ndufs4/Ndufb9/Ndufa11/Eno1b/ATP8/ATP6/ND3",16
"GO:0043603","GO:0043603","amide metabolic process","37/721","441/18384",0.0839002267573696,2.139281232604,4.89267424082319,1.22215380031552e-05,0.00065877070699934,0.000589112647007031,"Gsta3/Pm20d1/Mpc2/Hsd11b1/B3galt1/Pdk1/Pdhx/Acss2/G6pdx/Pdha1/Mgst2/Tdo2/Pmvk/Hmgcs2/Elovl6/Slc5a6/Acacb/Snca/Aldh1l1/Spon1/Acsm5/Arg1/Pcsk4/Aldh1l2/Nudt7/Pdhb/Sorl1/Dlat/Gsta4/Acaca/Acly/Coasy/Fasn/Hmgcs1/Mpc1/Abcg1/Gpam",37
"GO:0007517","GO:0007517","muscle organ development","32/721","358/18384",0.0893854748603352,2.27914364747906,4.93804154926009,1.34263499374895e-05,0.000714993574984381,0.000639390539191795,"Cacna1s/Casq1/Atf3/Xirp2/Klhl41/Ttn/Mylk2/Skil/Smyd1/Cyp26b1/Ryr1/Ldha/Bmal1/Mylpf/Trim72/Acta1/Nr1d2/Myoz1/Klf5/Cdon/Ky/Hlf/Tcap/Ryr2/Sox11/Rtl1/Rbfox1/Tbx1/Dll1/Rpl3l/Smad7/Actn3",32
"GO:0061620","GO:0061620","glycolytic process through glucose-6-phosphate","7/721","22/18384",0.318181818181818,8.11297440423654,6.74444451661537,1.4113593684704e-05,0.000742643858171331,0.000664117096316587,"Eno1/Gapdh/Gpi1/Aldoa/Pkm/Pgam2/Eno1b",7
"GO:0051156","GO:0051156","glucose 6-phosphate metabolic process","8/721","30/18384",0.266666666666667,6.79944521497919,6.42281340852086,1.46290788366145e-05,0.000760712099503955,0.000680274811535449,"Hsd11b1/G6pdx/Pgd/Acacb/Gpi1/Taldo1/Tkt/Gck",8
"GO:0016126","GO:0016126","sterol biosynthetic process","12/721","70/18384",0.171428571428571,4.3710719239152,5.70911807542189,1.59151386800629e-05,0.000817964104254394,0.000731473020117945,"Nsdhl/G6pdx/Fdps/Pmvk/Hmgcs2/Dhcr24/Cyp51/Idi1/Hmgcs1/Abcg1/Fgf1/Tm7sf2",12
"GO:1904427","GO:1904427","positive regulation of calcium ion transmembrane transport","14/721","94/18384",0.148936170212766,3.79756248708944,5.49389634728036,1.71058788461554e-05,0.000869057293103525,0.000777163642677718,"Casq1/Aplnr/G6pdx/Adcyap1r1/Snca/Clec4b1/Atp2a1/Trdn/Cx3cl1/Fgf14/Stac/Rapgef3/Ehd3/Adrb1",14
"GO:0034284","GO:0034284","response to monosaccharide","24/721","235/18384",0.102127659574468,2.6040428482899,4.99996699536488,1.87887780566804e-05,0.000940773309757957,0.000841296446330347,"Glul/Cacna1e/Mpc2/Nnat/Hmgcs2/Mup2/Mup1/Mup11/Mup3/Sesn2/Slc2a5/Aacs/Lep/Ghrl/Gys2/Irs2/Angpt2/C2cd2l/Apoc3/Gck/Ccl2/Sybu/Abcg1/Gpam",24
"GO:0062013","GO:0062013","positive regulation of small molecule metabolic process","21/721","190/18384",0.110526315789474,2.81819110884006,5.08974268021885,1.89431729792892e-05,0.000940773309757957,0.000841296446330347,"Adcy10/Fdps/Mup2/Mup1/Mup11/Mup3/Ptafr/Eno1/Adcyap1r1/Snca/Klhl25/Irs2/Ppp1r3b/Pth1r/Gck/Gpd1/Comt/Abcg1/Fgf1/Eno1b/Actn3",21
"GO:0006164","GO:0006164","purine nucleotide biosynthetic process","21/721","191/18384",0.109947643979058,2.80343618156865,5.06184559978974,2.05158126598416e-05,0.00100755435507222,0.000901016099856202,"Atp6-ps/Adcy10/Ndufb11/Ndufa1/G6pdx/Ak2/Eno1/Atp5me/Aldoa/Ldhd/Atp5mg/Nmnat3/Ndufs4/Nampt/Adss1/Ndufb9/Ndufa11/Eno1b/ATP8/ATP6/ND3",21
"GO:0006633","GO:0006633","fatty acid biosynthetic process","18/721","149/18384",0.120805369127517,3.08028558396709,5.15118089520467,2.23217287489036e-05,0.00108419825351818,0.00096955571373202,"Ptges/Acss2/Fabp5/Elovl6/Acacb/Apoc1/Klhl25/Acsm5/Tecr/Apoc3/Alox15/Acaca/Acly/Fasn/Lipg/Scd3/Scd4/Scd1",18
"GO:0006109","GO:0006109","regulation of carbohydrate metabolic process","22/721","208/18384",0.105769230769231,2.69689533767204,4.97257289533154,2.41313793615652e-05,0.00115935539976216,0.0010367657837835,"Adcy10/Hsd11b1/Pdk1/Rorc/Mup2/Mup1/Mup11/Mup3/Sesn2/Ptafr/Trim63/Acacb/Lep/Adcyap1r1/Snca/Irs2/Ppp1r3b/Pth1r/Gck/Slc4a1/Gpd1/Actn3",22
"GO:0009142","GO:0009142","nucleoside triphosphate biosynthetic process","16/721","123/18384",0.130081300813008,3.31680254389229,5.20862259233152,2.51501836965906e-05,0.00119530980579495,0.00106891839027389,"Atp6-ps/Adcy10/Ndufb11/Ndufa1/Eno1/Atp5me/Aldoa/Ldhd/Atp5mg/Ndufs4/Ndufb9/Ndufa11/Eno1b/ATP8/ATP6/ND3",16
"GO:0090257","GO:0090257","regulation of muscle system process","25/721","256/18384",0.09765625,2.49003120665742,4.85047189044591,2.71661469287978e-05,0.00127738690877964,0.00114231670456479,"Cacna1s/Adcy10/Casq1/Ttn/Rem1/Mylk2/G6pdx/Fdps/Ptafr/Trim63/Eno1/Acacb/Gtf2ird1/Ghrl/Ryr1/Atp2a1/Tnnt3/Ryr2/Ndufs4/Abat/Ehd3/Eno1b/Smad7/Actn3/Adrb1",25
"GO:0046390","GO:0046390","ribose phosphate biosynthetic process","20/721","180/18384",0.111111111111111,2.833102172908,4.99324761040975,2.75364804721131e-05,0.00128117098617621,0.00114570065565413,"Atp6-ps/Adcy10/Ndufb11/Ndufa1/G6pdx/Ak2/Eno1/Atp5me/Aldoa/Ldhd/Atp5mg/Ndufs4/Pygl/Adss1/Ndufb9/Ndufa11/Eno1b/ATP8/ATP6/ND3",20
"GO:0043604","GO:0043604","amide biosynthetic process","18/721","152/18384",0.118421052631579,3.01949047375721,5.051147355788,2.92771045406179e-05,0.00133407012442816,0.00119300626749886,"Pm20d1/Mpc2/B3galt1/Pdk1/Pdhx/Acss2/Pdha1/Mgst2/Elovl6/Acacb/Snca/Arg1/Pdhb/Dlat/Acaca/Acly/Coasy/Mpc1",18
"GO:0044272","GO:0044272","sulfur compound biosynthetic process","18/721","152/18384",0.118421052631579,3.01949047375721,5.051147355788,2.92771045406179e-05,0.00133407012442816,0.00119300626749886,"Mpc2/Pdk1/Pdhx/Acss2/Pdha1/Mgst2/Elovl6/Mthfr/Acacb/Snca/Pdhb/Dlat/Hs3st3b1/Acaca/Acly/Coasy/Mpc1/Cbs",18
"GO:0022904","GO:0022904","respiratory electron transport chain","15/721","112/18384",0.133928571428571,3.41489994055875,5.17915251628328,3.16213514345253e-05,0.00142618748306737,0.00127538318621528,"Cox5b/Pm20d1/Gpd2/Cox7b/Snca/Cox6a2/Uqcr10/Uqcrq/Cox7c/Ndufs4/Immp2l/Ndufb9/Gpd1/COX3/ND3",15
"GO:0009743","GO:0009743","response to carbohydrate","25/721","259/18384",0.0965250965250965,2.46118914634865,4.7847682053731,3.3019652012372e-05,0.00147421072620893,0.00131832847747429,"Glul/Cacna1e/Mpc2/Nnat/Hmgcs2/Mup2/Mup1/Mup11/Mup3/Sesn2/Slc2a5/Aacs/Lep/Ghrl/Gys2/Irs2/Angpt2/C2cd2l/Apoc3/Gck/Ccl2/Map2k6/Sybu/Abcg1/Gpam",25
"GO:0005976","GO:0005976","polysaccharide metabolic process","15/721","113/18384",0.132743362831858,3.38467958710248,5.13726168419255,3.51641488736914e-05,0.00155425538021716,0.00138990925284959,"Adcy10/Gys2/Irs2/Ppp1r3b/Has3/Gck/Pygl/Pgf/Ppp1r1a/Comt/Gbe1/Has1/Pcdh12/Pygm/Adrb1",15
"GO:0007263","GO:0007263","nitric oxide mediated signal transduction","7/721","25/18384",0.28,7.13941747572816,6.20606401511062,3.58926871068993e-05,0.00157074927735143,0.00140465909417829,"Gapdh/Pde2a/Kcnc2/Gapdhrt2/Mt2/Mt1/Cbs",7
"GO:1903169","GO:1903169","regulation of calcium ion transmembrane transport","20/721","184/18384",0.108695652173913,2.77151299523609,4.87934078695189,3.78354028836099e-05,0.00163953412495643,0.00146617066901914,"Casq1/Aplnr/Rem1/Fmr1/G6pdx/Ngf/Adcyap1r1/Snca/Clec4b1/Atp2a1/Trdn/Jsrp1/Cx3cl1/Rrad/Fgf14/Stac/Ryr2/Rapgef3/Ehd3/Adrb1",20
"GO:0048799","GO:0048799","animal organ maturation","8/721","34/18384",0.235294117647059,5.99951048380517,5.89511795297279,3.94932285662207e-05,0.00169475796371549,0.00151555516879058,"Lep/Snx10/Ret/Ryr1/Dchs1/Aldh1a2/Adamts7/Actn3",8
"GO:0005977","GO:0005977","glycogen metabolic process","13/721","89/18384",0.146067415730337,3.72441521607006,5.20529904810744,4.1945731438114e-05,0.00176571555196632,0.00157900973985081,"Adcy10/Gys2/Irs2/Ppp1r3b/Gck/Pygl/Pgf/Ppp1r1a/Comt/Gbe1/Pcdh12/Pygm/Adrb1",13
"GO:0035914","GO:0035914","skeletal muscle cell differentiation","13/721","89/18384",0.146067415730337,3.72441521607006,5.20529904810744,4.1945731438114e-05,0.00176571555196632,0.00157900973985081,"Atf3/Klhl41/Mylk2/Smyd1/Cyp26b1/Bmal1/Nr1d2/Klf5/Cdon/Hlf/Sox11/Rbfox1/Tbx1",13
"GO:0009152","GO:0009152","purine ribonucleotide biosynthetic process","18/721","157/18384",0.114649681528662,2.92332835675857,4.88977927652233,4.52217941390004e-05,0.00188566349145643,0.00168627444877802,"Atp6-ps/Adcy10/Ndufb11/Ndufa1/Ak2/Eno1/Atp5me/Aldoa/Ldhd/Atp5mg/Ndufs4/Adss1/Ndufb9/Ndufa11/Eno1b/ATP8/ATP6/ND3",18
"GO:0001659","GO:0001659","temperature homeostasis","20/721","187/18384",0.106951871657754,2.72705021991144,4.79589276230501,4.76860633978497e-05,0.00196345747595879,0.00175584253922964,"Ptges/Fabp5/Elovl6/Mup2/Mup1/Mup11/Mup3/Lep/Ghrl/Bmal1/Fcor/Map2k6/Irf4/Gadd45g/Npr3/Abat/Adamts5/Actn3/Scd1/Adrb1",20
"GO:0019364","GO:0019364","pyridine nucleotide catabolic process","15/721","116/18384",0.129310344827586,3.29714477019465,5.01435931091006,4.79758840279522e-05,0.00196345747595879,0.00175584253922964,"Aldoart1/Trim63/Eno1/Gapdh/Gpi1/Aldoa/Gapdhrt2/Pkm/Pgam2/Gck/Slc4a1/Gpd1/Nudt12/Eno1b/Actn3",15
"GO:0030239","GO:0030239","myofibril assembly","12/721","78/18384",0.153846153846154,3.92275685479569,5.22620993946311,4.87875054462418e-05,0.00197724441331098,0.00176817165324666,"Casq1/Neb/Klhl41/Ttn/Tmod4/Mybpc2/Tnnt3/Myom2/Acta1/Myoz1/Tcap/Nrap",12
"GO:0006937","GO:0006937","regulation of muscle contraction","18/721","158/18384",0.113924050632911,2.90482627855124,4.85827199863233,4.92074401502732e-05,0.00197724441331098,0.00176817165324666,"Cacna1s/Adcy10/Casq1/Rem1/Mylk2/Ptafr/Eno1/Ghrl/Ryr1/Atp2a1/Tnnt3/Ryr2/Abat/Ehd3/Eno1b/Smad7/Actn3/Adrb1",18
"GO:0046031","GO:0046031","ADP metabolic process","15/721","117/18384",0.128205128205128,3.26896404566307,4.97428336920223,5.30746645649778e-05,0.00210075067984398,0.00187861843363043,"Aldoart1/Ak2/Trim63/Eno1/Gapdh/Gpi1/Aldoa/Gapdhrt2/Pkm/Pgam2/Gck/Slc4a1/Gpd1/Eno1b/Actn3",15
"GO:0044042","GO:0044042","glucan metabolic process","13/721","91/18384",0.142857142857143,3.642559936596,5.10559858988072,5.32316914349607e-05,0.00210075067984398,0.00187861843363043,"Adcy10/Gys2/Irs2/Ppp1r3b/Gck/Pygl/Pgf/Ppp1r1a/Comt/Gbe1/Pcdh12/Pygm/Adrb1",13
"GO:0045913","GO:0045913","positive regulation of carbohydrate metabolic process","14/721","104/18384",0.134615384615385,3.43241224794623,5.02584796749055,5.43929421482847e-05,0.00212758233889751,0.00190261292749706,"Adcy10/Mup2/Mup1/Mup11/Mup3/Ptafr/Adcyap1r1/Snca/Irs2/Ppp1r3b/Pth1r/Gck/Gpd1/Actn3",14
"GO:0055002","GO:0055002","striated muscle cell development","21/721","205/18384",0.102439024390244,2.61198200331518,4.68916717396303,5.87697758020911e-05,0.00227861762320388,0.0020376778221316,"Cacna1s/Casq1/Neb/Klhl41/Ttn/G6pdx/Fdps/Tmod4/Trim63/Myo18b/Ryr1/Mybpc2/Alpk3/Tnnt3/Myom2/Acta1/Myoz1/Tcap/Actn3/Nrap/Adrb1",21
"GO:0055001","GO:0055001","muscle cell development","23/721","237/18384",0.0970464135021097,2.4744816446918,4.61588218493326,6.20360442247836e-05,0.00238434187368299,0.00213222284726831,"Cacna1s/Casq1/Neb/Klhl41/Ttn/G6pdx/Fdps/Tmod4/Trim63/Myo18b/Ryr1/Mybpc2/Alpk3/Adm/Tnnt3/Myom2/Acta1/Myoz1/Wfikkn2/Tcap/Actn3/Nrap/Adrb1",23
"GO:0022900","GO:0022900","electron transport chain","15/721","120/18384",0.125,3.1872399445215,4.85660400748177,7.13330137717676e-05,0.002694802742489,0.00240985575090407,"Cox5b/Pm20d1/Gpd2/Cox7b/Snca/Cox6a2/Uqcr10/Uqcrq/Cox7c/Ndufs4/Immp2l/Ndufb9/Gpd1/COX3/ND3",15
"GO:0072526","GO:0072526","pyridine-containing compound catabolic process","15/721","120/18384",0.125,3.1872399445215,4.85660400748177,7.13330137717676e-05,0.002694802742489,0.00240985575090407,"Aldoart1/Trim63/Eno1/Gapdh/Gpi1/Aldoa/Gapdhrt2/Pkm/Pgam2/Gck/Slc4a1/Gpd1/Nudt12/Eno1b/Actn3",15
"GO:0031649","GO:0031649","heat generation","7/721","28/18384",0.25,6.374479889043,5.75002886409304,7.97825122218568e-05,0.00298846359339497,0.00267246506149039,"Ptges/Mup2/Mup1/Mup11/Mup3/Abat/Adrb1",7
"GO:0006096","GO:0006096","glycolytic process","14/721","108/18384",0.12962962962963,3.30528586839266,4.85444609084356,8.27499647768862e-05,0.00307357012028435,0.0027485724700328,"Aldoart1/Trim63/Eno1/Gapdh/Gpi1/Aldoa/Gapdhrt2/Pkm/Pgam2/Gck/Slc4a1/Gpd1/Eno1b/Actn3",14
"GO:0009746","GO:0009746","response to hexose","22/721","227/18384",0.0969162995594714,2.47116400984927,4.5060454219905,9.07610483614689e-05,0.00334303194798077,0.00298954154909926,"Glul/Cacna1e/Mpc2/Nnat/Mup2/Mup1/Mup11/Mup3/Sesn2/Slc2a5/Aacs/Ghrl/Gys2/Irs2/Angpt2/C2cd2l/Apoc3/Gck/Ccl2/Sybu/Abcg1/Gpam",22
"GO:1905952","GO:1905952","regulation of lipid localization","19/721","182/18384",0.104395604395604,2.66187072289708,4.55215422575053,0.000101297505537466,0.00370028904525288,0.00330902247318994,"Ptges/Pltp/Mup2/Mup1/Mup11/Mup3/Acacb/Pon1/Lep/Hilpda/Ghrl/Apoc1/Irs2/Apoc3/Gdf9/Map2k6/Abcg1/C3/Lipg",19
"GO:0009135","GO:0009135","purine nucleoside diphosphate metabolic process","15/721","124/18384",0.120967741935484,3.08442575276274,4.70533422907017,0.000104088024406875,0.00374039892584057,0.00334489115659236,"Aldoart1/Ak2/Trim63/Eno1/Gapdh/Gpi1/Aldoa/Gapdhrt2/Pkm/Pgam2/Gck/Slc4a1/Gpd1/Eno1b/Actn3",15
"GO:0009179","GO:0009179","purine ribonucleoside diphosphate metabolic process","15/721","124/18384",0.120967741935484,3.08442575276274,4.70533422907017,0.000104088024406875,0.00374039892584057,0.00334489115659236,"Aldoart1/Ak2/Trim63/Eno1/Gapdh/Gpi1/Aldoa/Gapdhrt2/Pkm/Pgam2/Gck/Slc4a1/Gpd1/Eno1b/Actn3",15
"GO:0015986","GO:0015986","proton motive force-driven ATP synthesis","11/721","72/18384",0.152777777777778,3.8955154877485,4.97356550371435,0.000106702472716538,0.00380342685005723,0.00340125454202546,"Atp6-ps/Ndufb11/Ndufa1/Atp5me/Atp5mg/Ndufs4/Ndufb9/Ndufa11/ATP8/ATP6/ND3",11
"GO:0006098","GO:0006098","pentose-phosphate shunt","6/721","21/18384",0.285714285714286,7.285119873192,5.82230546708943,0.000116660860204626,0.00412512801683559,0.00368893920057576,"Hsd11b1/G6pdx/Pgd/Acacb/Taldo1/Tkt",6
"GO:0046032","GO:0046032","ADP catabolic process","14/721","112/18384",0.125,3.1872399445215,4.69089798385717,0.000123182871672779,0.00432117692693401,0.00386425800443848,"Aldoart1/Trim63/Eno1/Gapdh/Gpi1/Aldoa/Gapdhrt2/Pkm/Pgam2/Gck/Slc4a1/Gpd1/Eno1b/Actn3",14
"GO:0009132","GO:0009132","nucleoside diphosphate metabolic process","16/721","141/18384",0.113475177304965,2.89338094254434,4.55977087503029,0.000133228095010741,0.00463675732242108,0.0041464690987595,"Aldoart1/Ak2/Trim63/Eno1/Gapdh/Gpi1/Aldoa/Gapdhrt2/Nudt7/Pkm/Pgam2/Gck/Slc4a1/Gpd1/Eno1b/Actn3",16
"GO:0009260","GO:0009260","ribonucleotide biosynthetic process","18/721","172/18384",0.104651162790698,2.66838693029707,4.44146018387733,0.000148239035909968,0.00511887920876607,0.00457761167633165,"Atp6-ps/Adcy10/Ndufb11/Ndufa1/Ak2/Eno1/Atp5me/Aldoa/Ldhd/Atp5mg/Ndufs4/Adss1/Ndufb9/Ndufa11/Eno1b/ATP8/ATP6/ND3",18
"GO:0014902","GO:0014902","myotube differentiation","16/721","143/18384",0.111888111888112,2.85291407621505,4.49409831614817,0.000157243770170096,0.00538773228024671,0.00481803636873694,"Cacna1s/Trim63/Smyd1/Cyp26b1/Bhlhe41/Ryr1/Trim72/Acta1/Klf5/Adamts15/Cdon/Dock2/Tbx1/Adamts5/Rpl3l/Actn3",16
"GO:1902932","GO:1902932","positive regulation of alcohol biosynthetic process","7/721","31/18384",0.225806451612903,5.75759473849045,5.35621931546242,0.000159925156545512,0.00543745532254739,0.00486250172330685,"Fdps/Ptafr/Adcyap1r1/Snca/Pth1r/Abcg1/Fgf1",7
"GO:0009749","GO:0009749","response to glucose","21/721","221/18384",0.0950226244343891,2.4228792338444,4.2994606448636,0.000171551462668644,0.00578822492362905,0.00517618113556254,"Glul/Cacna1e/Mpc2/Nnat/Mup2/Mup1/Mup11/Mup3/Sesn2/Aacs/Ghrl/Gys2/Irs2/Angpt2/C2cd2l/Apoc3/Gck/Ccl2/Sybu/Abcg1/Gpam",21
"GO:0010951","GO:0010951","negative regulation of endopeptidase activity","15/721","130/18384",0.115384615384615,2.94206764109677,4.48952709159352,0.000177611092304201,0.00592814446191597,0.00530130565717896,"Serpinb2/Serpine1/Snca/Gapdh/Gapdhrt2/Serpina1b/Serpina1d/Serpina1a/Serpina1c/Serpina1e/Serpina3j/Serpina3k/Serpina3m/Serpind1/Gapdh-ps15",15
"GO:0009137","GO:0009137","purine nucleoside diphosphate catabolic process","14/721","116/18384",0.120689655172414,3.07733511884834,4.53454428742642,0.00017972202667347,0.00592814446191597,0.00530130565717896,"Aldoart1/Trim63/Eno1/Gapdh/Gpi1/Aldoa/Gapdhrt2/Pkm/Pgam2/Gck/Slc4a1/Gpd1/Eno1b/Actn3",14
"GO:0009181","GO:0009181","purine ribonucleoside diphosphate catabolic process","14/721","116/18384",0.120689655172414,3.07733511884834,4.53454428742642,0.00017972202667347,0.00592814446191597,0.00530130565717896,"Aldoart1/Trim63/Eno1/Gapdh/Gpi1/Aldoa/Gapdhrt2/Pkm/Pgam2/Gck/Slc4a1/Gpd1/Eno1b/Actn3",14
"GO:0051928","GO:0051928","positive regulation of calcium ion transport","15/721","131/18384",0.114503816793893,2.91960910948534,4.45476618749033,0.000193465510496431,0.00633420412143869,0.00566442878685456,"Casq1/Aplnr/G6pdx/Serpine1/Adcyap1r1/Snca/Clec4b1/Atp2a1/Trdn/Cx3cl1/Fgf14/Stac/Rapgef3/Ehd3/Adrb1",15
"GO:0045933","GO:0045933","positive regulation of muscle contraction","9/721","53/18384",0.169811320754717,4.32983539633109,4.90468604808397,0.000196763962615096,0.00635370906602209,0.00568187128909573,"Cacna1s/Mylk2/Ptafr/Eno1/Ghrl/Atp2a1/Abat/Eno1b/Actn3",9
"GO:0098754","GO:0098754","detoxification","14/721","117/18384",0.11965811965812,3.05103310928554,4.4965101605304,0.000196936231231907,0.00635370906602209,0.00568187128909573,"Gsta3/Mtarc1/Ptges/Mgst2/Oscp1/Sesn2/Gpx4/Mt2/Mt1/Gpx8/Rdh11/Fbln5/Pim1/Aldh1a7",14
"GO:0010883","GO:0010883","regulation of lipid storage","10/721","65/18384",0.153846153846154,3.92275685479569,4.76916201460581,0.000205574042833305,0.00658432803857398,0.0058881047356145,"Mup2/Mup1/Mup11/Mup3/Acacb/Lep/Hilpda/Mest/Abcg1/C3",10
"GO:0008203","GO:0008203","cholesterol metabolic process","16/721","148/18384",0.108108108108108,2.75653184391048,4.33476626540683,0.000234430986488295,0.00745456805955587,0.0066663260451613,"Nsdhl/G6pdx/Fdps/Pmvk/Hmgcs2/Dhcr24/Cyp51/Pon1/Lep/Apoc1/Apoc3/Idi1/Hmgcs1/Abcg1/Fgf1/Tm7sf2",16
"GO:0006694","GO:0006694","steroid biosynthetic process","17/721","164/18384",0.103658536585366,2.64307702716417,4.27021019186762,0.000251416458151019,0.00793757675019644,0.00709826165682011,"Hsd11b1/Nsdhl/G6pdx/Fdps/Pmvk/Hmgcs2/Dhcr24/Cyp51/Lep/Tecr/Acox2/Idi1/Hmgcs1/Clcn2/Abcg1/Fgf1/Tm7sf2",17
"GO:0009191","GO:0009191","ribonucleoside diphosphate catabolic process","14/721","120/18384",0.116666666666667,2.9747572815534,4.38480202019819,0.000257368362656586,0.00806785931164617,0.00721476821034327,"Aldoart1/Trim63/Eno1/Gapdh/Gpi1/Aldoa/Gapdhrt2/Pkm/Pgam2/Gck/Slc4a1/Gpd1/Eno1b/Actn3",14
"GO:0042776","GO:0042776","proton motive force-driven mitochondrial ATP synthesis","10/721","67/18384",0.149253731343284,3.80565963524955,4.6482427884934,0.000265430692680758,0.00825245177354353,0.00737984196467158,"Atp6-ps/Ndufb11/Ndufa1/Atp5me/Ndufs4/Ndufb9/Ndufa11/ATP8/ATP6/ND3",10
"GO:0010466","GO:0010466","negative regulation of peptidase activity","19/721","196/18384",0.0969387755102041,2.471737099833,4.18513423479869,0.000266991086791114,0.00825245177354353,0.00737984196467158,"Serpinb2/Slpi/Ngf/Serpine1/Tfpi2/Snca/Gapdh/Gapdhrt2/Wfikkn2/Serpina1b/Serpina1d/Serpina1a/Serpina1c/Serpina1e/Serpina3j/Serpina3k/Serpina3m/Serpind1/Gapdh-ps15",19
"GO:0009185","GO:0009185","ribonucleoside diphosphate metabolic process","15/721","135/18384",0.111111111111111,2.833102172908,4.31894439180047,0.000269763674066906,0.00828024610677586,0.00740469734006748,"Aldoart1/Ak2/Trim63/Eno1/Gapdh/Gpi1/Aldoa/Gapdhrt2/Pkm/Pgam2/Gck/Slc4a1/Gpd1/Eno1b/Actn3",15
"GO:0006953","GO:0006953","acute-phase response","8/721","44/18384",0.181818181818182,4.63598537384945,4.87856832390853,0.000272703814609902,0.00831276455569495,0.00743377730570005,"Ptges/Orm1/Orm3/Orm2/Saa3/Serpina1b/Serpina1a/Tfrc",8
"GO:0014819","GO:0014819","regulation of skeletal muscle contraction","5/721","16/18384",0.3125,7.96809986130374,5.63361304636721,0.000278638968706245,0.00843550850466853,0.00754354237557283,"Casq1/Rem1/Mylk2/Atp2a1/Actn3",5
"GO:0009165","GO:0009165","nucleotide biosynthetic process","21/721","230/18384",0.091304347826087,2.32807091599831,4.09489348899821,0.000296906544125312,0.00892739404784953,0.00798341620616218,"Atp6-ps/Adcy10/Ndufb11/Ndufa1/G6pdx/Ak2/Eno1/Atp5me/Aldoa/Ldhd/Atp5mg/Nmnat3/Ndufs4/Nampt/Adss1/Ndufb9/Ndufa11/Eno1b/ATP8/ATP6/ND3",21
"GO:1902930","GO:1902930","regulation of alcohol biosynthetic process","9/721","56/18384",0.160714285714286,4.0978799286705,4.69077549557813,0.000302933689814976,0.00901584809844569,0.00806251717305634,"Fdps/Ptafr/Adcyap1r1/Snca/Isyna1/Pth1r/Clcn2/Abcg1/Fgf1",9
"GO:0010906","GO:0010906","regulation of glucose metabolic process","14/721","122/18384",0.114754098360656,2.92599076874105,4.31224610740776,0.000305967695648609,0.00901584809844569,0.00806251717305634,"Adcy10/Pdk1/Rorc/Mup2/Mup1/Mup11/Mup3/Sesn2/Acacb/Lep/Irs2/Ppp1r3b/Gck/Actn3",14
"GO:0062014","GO:0062014","negative regulation of small molecule metabolic process","14/721","122/18384",0.114754098360656,2.92599076874105,4.31224610740776,0.000305967695648609,0.00901584809844569,0.00806251717305634,"Fmo4/Mup2/Mup1/Mup11/Mup3/Trim63/Acacb/Apoc1/Klhl25/Isyna1/Apoc3/Gck/Slc4a1/Actn3",14
"GO:2001014","GO:2001014","regulation of skeletal muscle cell differentiation","6/721","25/18384",0.24,6.11950069348128,5.17507551078854,0.000332977655438774,0.00968566772228679,0.00866151043038507,"Klhl41/Cyp26b1/Bmal1/Nr1d2/Rbfox1/Tbx1",6
"GO:0009134","GO:0009134","nucleoside diphosphate catabolic process","14/721","123/18384",0.113821138211382,2.90220222590575,4.27652046358278,0.000333081785924795,0.00968566772228679,0.00866151043038507,"Aldoart1/Trim63/Eno1/Gapdh/Gpi1/Aldoa/Gapdhrt2/Pkm/Pgam2/Gck/Slc4a1/Gpd1/Eno1b/Actn3",14
"GO:0034762","GO:0034762","regulation of transmembrane transport","35/721","480/18384",0.0729166666666667,1.85922330097087,3.85385367901328,0.000336664178637364,0.00972585404952386,0.00869744747700931,"Septin2/Casq1/Slc43a1/Aplnr/Rem1/Fmr1/G6pdx/Fabp5/Ngf/Lep/Adcyap1r1/Snca/Clec4b1/Scn1b/Atp2a1/Arg1/Trdn/Jsrp1/Kcnc2/Irs2/Cx3cl1/Rrad/Kcng4/Kcnrg/Fgf14/Stac/Ccl2/Ryr2/Rasgrf2/Rapgef3/Kcnj15/Pim1/C3/Ehd3/Adrb1",35
"GO:0008299","GO:0008299","isoprenoid biosynthetic process","7/721","35/18384",0.2,5.0995839112344,4.90468582512654,0.000356840067690387,0.0102417733713734,0.00915881376744636,"Dhrs9/Fdps/Pmvk/Hmgcs2/Aldh1a2/Idi1/Hmgcs1",7
"GO:0071322","GO:0071322","cellular response to carbohydrate stimulus","18/721","185/18384",0.0972972972972973,2.48087865951944,4.0900175155338,0.000366619395514262,0.0104545659882132,0.00934910580751141,"Cacna1e/Mpc2/Mup2/Mup1/Mup11/Mup3/Slc2a5/Aacs/Lep/Ghrl/Irs2/C2cd2l/Apoc3/Gck/Ccl2/Map2k6/Sybu/Abcg1",18
"GO:1904064","GO:1904064","positive regulation of cation transmembrane transport","16/721","155/18384",0.103225806451613,2.6320433090242,4.12249082179916,0.000396504112305715,0.0112342831819953,0.010046376124885,"Casq1/Aplnr/G6pdx/Adcyap1r1/Snca/Clec4b1/Scn1b/Atp2a1/Trdn/Kcnc2/Cx3cl1/Fgf14/Stac/Rapgef3/Ehd3/Adrb1",16
"GO:0051775","GO:0051775","response to redox state","4/721","10/18384",0.4,10.1991678224688,5.878821547731,0.000407737506881274,0.0114789794930906,0.0102651983797464,"Npas2/Bmal1/Ryr2/Vasn",4
"GO:1901385","GO:1901385","regulation of voltage-gated calcium channel activity","6/721","26/18384",0.230769230769231,5.88413528219354,5.03506715565939,0.000418632111257408,0.0117111008339098,0.0104727753349205,"Rem1/Fmr1/Rrad/Fgf14/Stac/Ehd3",6
"GO:0006195","GO:0006195","purine nucleotide catabolic process","16/721","157/18384",0.101910828025478,2.59851409489651,4.0639868210683,0.000457648919553979,0.0127220643045823,0.0113768400723283,"Aldoart1/Trim63/Eno1/Gapdh/Gpi1/Pde2a/Aldoa/Gapdhrt2/Pkm/Pgam2/Gck/Slc4a1/Gpd1/Nudt12/Eno1b/Actn3",16
"GO:0016054","GO:0016054","organic acid catabolic process","21/721","238/18384",0.0882352941176471,2.24981643142694,3.92091878571105,0.000469472499115177,0.0127760153480398,0.0114250863614883,"Acoxl/Tdo2/Sesn2/Aldh4a1/Pgd/Acacb/Pon1/Lep/Cyp26b1/Aldh1l1/Ldha/Arg1/Echdc1/Aldh1l2/Irs2/Ldhd/Nudt7/Acox2/Abat/Cbs/Gldc",21
"GO:0046395","GO:0046395","carboxylic acid catabolic process","21/721","238/18384",0.0882352941176471,2.24981643142694,3.92091878571105,0.000469472499115177,0.0127760153480398,0.0114250863614883,"Acoxl/Tdo2/Sesn2/Aldh4a1/Pgd/Acacb/Pon1/Lep/Cyp26b1/Aldh1l1/Ldha/Arg1/Echdc1/Aldh1l2/Irs2/Ldhd/Nudt7/Acox2/Abat/Cbs/Gldc",21
"GO:0034767","GO:0034767","positive regulation of monoatomic ion transmembrane transport","17/721","173/18384",0.0982658959537572,2.50557591014407,4.01978109254792,0.000471151697224093,0.0127760153480398,0.0114250863614883,"Casq1/Aplnr/G6pdx/Adcyap1r1/Snca/Clec4b1/Scn1b/Atp2a1/Trdn/Kcnc2/Cx3cl1/Fgf14/Stac/Ccl2/Rapgef3/Ehd3/Adrb1",17
"GO:0071326","GO:0071326","cellular response to monosaccharide stimulus","17/721","173/18384",0.0982658959537572,2.50557591014407,4.01978109254792,0.000471151697224093,0.0127760153480398,0.0114250863614883,"Cacna1e/Mpc2/Mup2/Mup1/Mup11/Mup3/Slc2a5/Aacs/Lep/Ghrl/Irs2/C2cd2l/Apoc3/Gck/Ccl2/Sybu/Abcg1",17
"GO:0006641","GO:0006641","triglyceride metabolic process","13/721","113/18384",0.115044247787611,2.93338897548881,4.16505645376338,0.000484558523441479,0.0130594431317765,0.0116785446439201,"Mogat1/Agpat2/Gpat2/Apoc1/Thrsp/Cyp2e1/Sorl1/Apoc3/Pnpla5/C3/Lipg/Scd1/Gpam",13
"GO:0016125","GO:0016125","sterol metabolic process","16/721","158/18384",0.10126582278481,2.58206780315666,4.0350743763676,0.000491144733196194,0.0131567255801647,0.0117655404985755,"Nsdhl/G6pdx/Fdps/Pmvk/Hmgcs2/Dhcr24/Cyp51/Pon1/Lep/Apoc1/Apoc3/Idi1/Hmgcs1/Abcg1/Fgf1/Tm7sf2",16
"GO:0045475","GO:0045475","locomotor rhythm","6/721","27/18384",0.222222222222222,5.666204345816,4.90217006275598,0.000520550155717616,0.0138578190613488,0.0123925007324041,"Npas2/Ciart/Mup2/Mup1/Mup11/Mup3",6
"GO:0006942","GO:0006942","regulation of striated muscle contraction","11/721","86/18384",0.127906976744186,3.26136180369642,4.24679265718796,0.000525950514862021,0.0138578190613488,0.0123925007324041,"Adcy10/Casq1/Rem1/Mylk2/Atp2a1/Tnnt3/Ryr2/Ehd3/Smad7/Actn3/Adrb1",11
"GO:1902652","GO:1902652","secondary alcohol metabolic process","16/721","159/18384",0.10062893081761,2.56582838301102,4.00638375474132,0.000526722534458506,0.0138578190613488,0.0123925007324041,"Nsdhl/G6pdx/Fdps/Pmvk/Hmgcs2/Dhcr24/Cyp51/Pon1/Lep/Apoc1/Apoc3/Idi1/Hmgcs1/Abcg1/Fgf1/Tm7sf2",16
"GO:0072523","GO:0072523","purine-containing compound catabolic process","17/721","175/18384",0.0971428571428571,2.47694075688528,3.96627336126165,0.000537929962189722,0.0140689374726543,0.012581295596527,"Aldoart1/Trim63/Eno1/Gapdh/Gpi1/Pde2a/Aldoa/Gapdhrt2/Nudt7/Pkm/Pgam2/Gck/Slc4a1/Gpd1/Nudt12/Eno1b/Actn3",17
"GO:0009154","GO:0009154","purine ribonucleotide catabolic process","15/721","145/18384",0.103448275862069,2.63771581615572,4.00005188066902,0.000582162294422128,0.0151362196549753,0.0135357239353256,"Aldoart1/Trim63/Eno1/Gapdh/Gpi1/Pde2a/Aldoa/Gapdhrt2/Pkm/Pgam2/Gck/Slc4a1/Gpd1/Eno1b/Actn3",15
"GO:0008202","GO:0008202","steroid metabolic process","25/721","312/18384",0.0801282051282051,2.04310252853942,3.75443662396815,0.000607822349210573,0.0157109636462616,0.014049694806314,"Hsd11b1/Dhrs9/Nsdhl/G6pdx/Fdps/Pmvk/Rorc/Hmgcs2/Dhcr24/Cyp51/Pon1/Lep/Apoc1/Adm/Cyp2e1/Tecr/Acox2/Apoc3/Idi1/Hmgcs1/Comt/Clcn2/Abcg1/Fgf1/Tm7sf2",25
"GO:0098976","GO:0098976","excitatory chemical synaptic transmission","4/721","11/18384",0.363636363636364,9.2719707476989,5.54445530009334,0.000620893050669269,0.0159555074648731,0.0142683806931647,"Fmr1/Ptchd1/Shisa6/Pvalb",4
"GO:0043931","GO:0043931","ossification involved in bone maturation","6/721","28/18384",0.214285714285714,5.463839904894,4.77575669231897,0.000640759513034643,0.016370849986203,0.0146398051198362,"Lep/Snx10/Ryr1/Dchs1/Adamts7/Actn3",6
"GO:0070588","GO:0070588","calcium ion transmembrane transport","26/721","332/18384",0.0783132530120482,1.99682502548335,3.70312953104806,0.000672192998832918,0.0168172632626903,0.0150390148967378,"Cacna1s/Cacna1e/Casq1/Slc25a25/Aplnr/Rem1/Fmr1/G6pdx/Ngf/Adcyap1r1/Snca/Clec4b1/Ryr1/Atp2a1/Trdn/Jsrp1/Cx3cl1/Rrad/Fgf14/Stac/Atp2a3/Ryr2/Smdt1/Rapgef3/Ehd3/Adrb1",26
"GO:0006123","GO:0006123","mitochondrial electron transport, cytochrome c to oxygen","5/721","19/18384",0.263157894736842,6.70997883057157,5.03105915476448,0.000672609362975456,0.0168172632626903,0.0150390148967378,"Cox5b/Cox7b/Cox6a2/Cox7c/COX3",5
"GO:0035634","GO:0035634","response to stilbenoid","5/721","19/18384",0.263157894736842,6.70997883057157,5.03105915476448,0.000672609362975456,0.0168172632626903,0.0150390148967378,"Mup1/Mup3/Saa3/Hba-a1/Idi1",5
"GO:0019730","GO:0019730","antimicrobial humoral response","13/721","117/18384",0.111111111111111,2.833102172908,4.01873695185857,0.000677256303339111,0.0168172632626903,0.0150390148967378,"Slpi/H2bc21/Jchain/Cxcl13/Gapdh/Lgals4/Adm/Gapdhrt2/Cx3cl1/Trf/Ccl2/Wfdc21/Gapdh-ps15",13
"GO:0043255","GO:0043255","regulation of carbohydrate biosynthetic process","13/721","117/18384",0.111111111111111,2.833102172908,4.01873695185857,0.000677256303339111,0.0168172632626903,0.0150390148967378,"Mup2/Mup1/Mup11/Mup3/Sesn2/Ptafr/Lep/Adcyap1r1/Snca/Irs2/Ppp1r3b/Pth1r/Gck",13
"GO:1901019","GO:1901019","regulation of calcium ion transmembrane transporter activity","9/721","63/18384",0.142857142857143,3.642559936596,4.24486736948852,0.000741640646798795,0.018211398104726,0.0162857346709326,"Casq1/Rem1/Fmr1/Atp2a1/Jsrp1/Rrad/Fgf14/Stac/Ehd3",9
"GO:1905953","GO:1905953","negative regulation of lipid localization","9/721","63/18384",0.142857142857143,3.642559936596,4.24486736948852,0.000741640646798795,0.018211398104726,0.0162857346709326,"Mup2/Mup1/Mup11/Mup3/Lep/Apoc1/Irs2/Apoc3/Abcg1",9
"GO:0010927","GO:0010927","cellular component assembly involved in morphogenesis","15/721","149/18384",0.100671140939597,2.5669046533059,3.87995253003896,0.000774204230032676,0.018802102729365,0.0168139785064933,"Casq1/Neb/Klhl41/Ttn/Tmod4/Spaca1/Chn2/Mybpc2/Tnnt3/Myom2/Acta1/Myoz1/Tcap/Rfx2/Nrap",15
"GO:0032989","GO:0032989","cellular anatomical entity morphogenesis","15/721","149/18384",0.100671140939597,2.5669046533059,3.87995253003896,0.000774204230032676,0.018802102729365,0.0168139785064933,"Casq1/Neb/Klhl41/Ttn/Tmod4/Spaca1/Chn2/Mybpc2/Tnnt3/Myom2/Acta1/Myoz1/Tcap/Rfx2/Nrap",15
"GO:0042775","GO:0042775","mitochondrial ATP synthesis coupled electron transport","10/721","77/18384",0.12987012987013,3.31141812417818,4.10637755667322,0.000826412045428588,0.0199603346491495,0.0178497396064673,"Cox5b/Cox7b/Snca/Cox6a2/Uqcr10/Uqcrq/Cox7c/Ndufb9/COX3/ND3",10
"GO:0016114","GO:0016114","terpenoid biosynthetic process","5/721","20/18384",0.25,6.374479889043,4.85860272485562,0.00086808761802798,0.0207402555226144,0.0185471920665438,"Dhrs9/Fdps/Hmgcs2/Aldh1a2/Hmgcs1",5
"GO:0048172","GO:0048172","regulation of short-term neuronal synaptic plasticity","5/721","20/18384",0.25,6.374479889043,4.85860272485562,0.00086808761802798,0.0207402555226144,0.0185471920665438,"Syp/Atp1a3/Ppfia3/Shisa6/Syngr1",5
"GO:0007623","GO:0007623","circadian rhythm","20/721","233/18384",0.0858369098712446,2.18866262284738,3.68918029493039,0.000895392011765829,0.0212775951183063,0.0190277136625959,"Npas2/Noct/Rorc/Ciart/Ngf/Mup2/Mup1/Mup11/Mup3/Lep/Ghrl/Bhlhe41/Atp1a3/Dbp/Bmal1/Nr1d2/Mycbp2/Nampt/Nudt12/Adrb1",20
"GO:0010907","GO:0010907","positive regulation of glucose metabolic process","9/721","65/18384",0.138461538461538,3.53048116931612,4.12907240353435,0.000934434798959723,0.0218529196370475,0.0195422036763785,"Adcy10/Mup2/Mup1/Mup11/Mup3/Irs2/Ppp1r3b/Gck/Actn3",9
"GO:0019646","GO:0019646","aerobic electron transport chain","9/721","65/18384",0.138461538461538,3.53048116931612,4.12907240353435,0.000934434798959723,0.0218529196370475,0.0195422036763785,"Cox5b/Cox7b/Cox6a2/Uqcr10/Uqcrq/Cox7c/Ndufb9/COX3/ND3",9
"GO:0048512","GO:0048512","circadian behavior","9/721","65/18384",0.138461538461538,3.53048116931612,4.12907240353435,0.000934434798959723,0.0218529196370475,0.0195422036763785,"Npas2/Ciart/Mup2/Mup1/Mup11/Mup3/Ghrl/Nr1d2/Adrb1",9
"GO:0070977","GO:0070977","bone maturation","6/721","30/18384",0.2,5.0995839112344,4.54023816733773,0.000944723010652605,0.0219772405636027,0.0196533789750722,"Lep/Snx10/Ryr1/Dchs1/Adamts7/Actn3",6
"GO:0042773","GO:0042773","ATP synthesis coupled electron transport","10/721","79/18384",0.126582278481013,3.22758475394582,4.00872724153197,0.00101187977061789,0.0234162753200579,0.020940250970902,"Cox5b/Cox7b/Snca/Cox6a2/Uqcr10/Uqcrq/Cox7c/Ndufb9/COX3/ND3",10
"GO:0032922","GO:0032922","circadian regulation of gene expression","9/721","66/18384",0.136363636363636,3.47698903038709,4.0728706276122,0.00104504516323309,0.0240578105285952,0.0215139505917778,"Npas2/Noct/Rorc/Ciart/Bhlhe41/Bmal1/Mycbp2/Nampt/Nudt12",9
"GO:0043500","GO:0043500","muscle adaptation","14/721","138/18384",0.101449275362319,2.58674546222035,3.78012850973304,0.0010619998176901,0.024321446602022,0.0217497099286956,"Cacna1s/Adcy10/Casq1/G6pdx/Fdps/Trim63/Acacb/Gtf2ird1/Acta1/Myoz1/Tcap/Ndufs4/Actn3/Adrb1",14
"GO:0009261","GO:0009261","ribonucleotide catabolic process","15/721","154/18384",0.0974025974025974,2.48356359313363,3.73522514653802,0.00108752360094733,0.0246792983616869,0.0220697226358977,"Aldoart1/Trim63/Eno1/Gapdh/Gpi1/Pde2a/Aldoa/Gapdhrt2/Pkm/Pgam2/Gck/Slc4a1/Gpd1/Eno1b/Actn3",15
"GO:0051346","GO:0051346","negative regulation of hydrolase activity","21/721","254/18384",0.0826771653543307,2.10809571133705,3.59284781444001,0.0010887925747803,0.0246792983616869,0.0220697226358977,"Serpinb2/Slpi/Ngf/Serpine1/Tfpi2/Snca/Gapdh/Apoc1/Gapdhrt2/Apoc3/Wfikkn2/Serpina1b/Serpina1d/Serpina1a/Serpina1c/Serpina1e/Serpina3j/Serpina3k/Serpina3m/Serpind1/Gapdh-ps15",21
"GO:0009636","GO:0009636","response to toxic substance","19/721","220/18384",0.0863636363636364,2.20209305257849,3.6239923519189,0.00110763120721721,0.0249782139586738,0.0223370310585426,"Gsta3/Mtarc1/Ptges/Mgst2/Oscp1/Sesn2/Pon1/Cyp2f2/Scn1b/Gpx4/Kcnc2/Mt2/Mt1/Gpx8/Rdh11/Fbln5/Comt/Pim1/Aldh1a7",19
"GO:0060586","GO:0060586","multicellular organismal-level iron ion homeostasis","6/721","31/18384",0.193548387096774,4.93508120442038,4.43021297810608,0.00113307449563831,0.0254222805620372,0.0227341422982733,"Slc40a1/Epb42/Hjv/Hephl1/Trf/Tfrc",6
"GO:0071331","GO:0071331","cellular response to hexose stimulus","16/721","171/18384",0.0935672514619883,2.38577025086989,3.67825756405857,0.00115796854598304,0.0258496008749749,0.0231162779913148,"Cacna1e/Mpc2/Mup2/Mup1/Mup11/Mup3/Slc2a5/Aacs/Ghrl/Irs2/C2cd2l/Apoc3/Gck/Ccl2/Sybu/Abcg1",16
"GO:0007622","GO:0007622","rhythmic behavior","9/721","67/18384",0.134328358208955,3.4250936717246,4.0177447147869,0.00116601982245673,0.0258985307299434,0.0231600340297541,"Npas2/Ciart/Mup2/Mup1/Mup11/Mup3/Ghrl/Nr1d2/Adrb1",9
"GO:0060732","GO:0060732","positive regulation of inositol phosphate biosynthetic process","4/721","13/18384",0.307692307692308,7.84551370959138,4.98832698344573,0.00126342321999009,0.0279216531617811,0.0249692325845411,"Ptafr/Adcyap1r1/Snca/Pth1r",4
"GO:0045214","GO:0045214","sarcomere organization","8/721","55/18384",0.145454545454545,3.70878829907956,4.06471982233014,0.0012827867494159,0.0282085444398919,0.025225788133316,"Casq1/Neb/Ttn/Mybpc2/Tnnt3/Myom2/Myoz1/Tcap",8
"GO:0050796","GO:0050796","regulation of insulin secretion","18/721","206/18384",0.087378640776699,2.22797355345192,3.58090801983528,0.00129658396916721,0.0283707977411834,0.0253708848578575,"Glul/Cacna1e/Mpc2/Nnat/Mup2/Mup1/Mup11/Mup3/Aacs/Lep/Ghrl/Bmal1/Irs2/C2cd2l/Gck/Sybu/Abat/Abcg1",18
"GO:0010830","GO:0010830","regulation of myotube differentiation","7/721","43/18384",0.162790697674419,4.15082411379544,4.17917420214866,0.00130319400248965,0.0283749630098732,0.0253746096932779,"Smyd1/Cyp26b1/Bhlhe41/Trim72/Tbx1/Rpl3l/Actn3",7
"GO:0048511","GO:0048511","rhythmic process","25/721","330/18384",0.0757575757575758,1.93166057243727,3.45041679472911,0.00134882733838581,0.0291673159086362,0.0260831796229885,"Npas2/Noct/Rorc/Ciart/Ngf/Mup2/Mup1/Mup11/Mup3/Lep/Ghrl/Bhlhe41/Atp1a3/Dbp/Bmal1/Nr1d2/Mycbp2/Gdf9/Hlf/Map2k6/Nampt/Tef/Has1/Nudt12/Adrb1",25
"GO:0014823","GO:0014823","response to activity","10/721","82/18384",0.121951219512195,3.10950238489902,3.86795366451155,0.00135278275141865,0.0291673159086362,0.0260831796229885,"Slc25a25/Lep/Atp1a3/Angpt2/Myh2/Myh4/Ccl2/Slc4a1/Ryr2/Gpam",10
"GO:0043116","GO:0043116","negative regulation of vascular permeability","5/721","22/18384",0.227272727272727,5.79498171731181,4.54654920891223,0.00138167094887666,0.0295023458649027,0.0263827836920004,"Slit2/Pde2a/Adm/Akap12/Cldn5",5
"GO:0048485","GO:0048485","sympathetic nervous system development","5/721","22/18384",0.227272727272727,5.79498171731181,4.54654920891223,0.00138167094887666,0.0295023458649027,0.0263827836920004,"Nrp2/Sema3a/Plxna4/Sox11/Trp63",5
"GO:0034765","GO:0034765","regulation of monoatomic ion transmembrane transport","26/721","350/18384",0.0742857142857143,1.89413116702992,3.4121869250251,0.00144412278193649,0.0306773914703449,0.0274335806075602,"Casq1/Aplnr/Rem1/Fmr1/G6pdx/Ngf/Adcyap1r1/Snca/Clec4b1/Scn1b/Atp2a1/Trdn/Jsrp1/Kcnc2/Cx3cl1/Rrad/Kcng4/Kcnrg/Fgf14/Stac/Ccl2/Ryr2/Rapgef3/Kcnj15/Ehd3/Adrb1",26
"GO:0006720","GO:0006720","isoprenoid metabolic process","11/721","97/18384",0.11340206185567,2.89151665069992,3.77370888914825,0.00145058253785115,0.0306773914703449,0.0274335806075602,"Dhrs9/Fdps/Pmvk/Hmgcs2/Cyp26b1/Cyp2e1/Aldh1a2/Idi1/Hmgcs1/Dhrs7/Rdh11",11
"GO:0009166","GO:0009166","nucleotide catabolic process","16/721","175/18384",0.0914285714285714,2.33123835942144,3.5749946081778,0.00147641438638537,0.0310750075610635,0.0277891529868524,"Aldoart1/Trim63/Eno1/Gapdh/Gpi1/Pde2a/Aldoa/Gapdhrt2/Pkm/Pgam2/Gck/Slc4a1/Gpd1/Nudt12/Eno1b/Actn3",16
"GO:0048483","GO:0048483","autonomic nervous system development","7/721","44/18384",0.159090909090909,4.05648720211827,4.10102905086752,0.00149815160560204,0.0313830810273033,0.0280646509305844,"Nrp2/Sema3a/Plxna4/Ret/Sox11/Tbx1/Trp63",7
"GO:0097009","GO:0097009","energy homeostasis","11/721","98/18384",0.112244897959184,2.862011378754,3.73404547119116,0.00157746193432105,0.0328885931589577,0.0294109710197395,"Pm20d1/Fmo4/Slc25a25/Acacb/Lep/Bmal1/Fcor/Nr1d2/Sorl1/Dll1/Adrb1",11
"GO:0051873","GO:0051873","killing by host of symbiont cells","5/721","23/18384",0.217391304347826,5.54302599047217,4.40458064050915,0.00170909514506274,0.0354657302402691,0.0317156030131485,"Gapdh/Arg1/Gapdhrt2/Trem1/Gapdh-ps15",5
"GO:0019933","GO:0019933","cAMP-mediated signaling","9/721","71/18384",0.126760563380282,3.23213064796546,3.80726081202448,0.0017679239919531,0.0363452281136405,0.0325021032547559,"Pde11a/Aplnr/Pde4b/Adcyap1r1/Gapdh/Pde2a/Adm/Gapdhrt2/Cdc34b",9
"GO:0045912","GO:0045912","negative regulation of carbohydrate metabolic process","9/721","71/18384",0.126760563380282,3.23213064796546,3.80726081202448,0.0017679239919531,0.0363452281136405,0.0325021032547559,"Mup2/Mup1/Mup11/Mup3/Trim63/Ppp1r3b/Gck/Slc4a1/Actn3",9
"GO:1901292","GO:1901292","nucleoside phosphate catabolic process","17/721","195/18384",0.0871794871794872,2.22289555105089,3.4685331591908,0.00178842904459938,0.0365965573015244,0.0327268570295842,"Aldoart1/Trim63/Eno1/Gapdh/Gpi1/Pde2a/Aldoa/Gapdhrt2/Nudt7/Pkm/Pgam2/Gck/Slc4a1/Gpd1/Nudt12/Eno1b/Actn3",17
"GO:1904062","GO:1904062","regulation of monoatomic cation transmembrane transport","24/721","320/18384",0.075,1.9123439667129,3.32636745418511,0.00190490038017509,0.0388002750247645,0.0346975548268613,"Casq1/Aplnr/Rem1/Fmr1/G6pdx/Ngf/Adcyap1r1/Snca/Clec4b1/Scn1b/Atp2a1/Trdn/Jsrp1/Kcnc2/Cx3cl1/Rrad/Kcng4/Kcnrg/Fgf14/Stac/Ryr2/Rapgef3/Ehd3/Adrb1",24
"GO:0006638","GO:0006638","neutral lipid metabolic process","14/721","147/18384",0.0952380952380952,2.428373291064,3.51291208043336,0.001946430600193,0.0394643268479499,0.0352913901676713,"Mogat1/Agpat2/Gpat2/Snca/Apoc1/Thrsp/Cyp2e1/Sorl1/Apoc3/Pnpla5/C3/Lipg/Scd1/Gpam",14
"GO:0019432","GO:0019432","triglyceride biosynthetic process","7/721","46/18384",0.152173913043478,3.88011819333052,3.95145311865297,0.00195568669797098,0.0394709370092774,0.0352973013740978,"Mogat1/Agpat2/Gpat2/Thrsp/Apoc3/C3/Gpam",7
"GO:0046890","GO:0046890","regulation of lipid biosynthetic process","18/721","214/18384",0.0841121495327103,2.14468482248176,3.40297641392012,0.00198457505695236,0.0398719170533156,0.0356558820040962,"Fabp5/Fdps/Mup2/Mup1/Mup11/Mup3/Lep/Apoc1/Klhl25/Thrsp/Apoc3/Clcn2/Abcg1/C3/Asxl3/Fgf1/Pcx/Gpam",18
"GO:0051153","GO:0051153","regulation of striated muscle cell differentiation","11/721","101/18384",0.108910891089109,2.77700113978111,3.61799743906929,0.00201355190430212,0.0402710380860424,0.0360128001936388,"G6pdx/Fdps/Smyd1/Cyp26b1/Bhlhe41/Trim72/Tbx1/Dll1/Rpl3l/Actn3/Adrb1",11
"GO:0002688","GO:0002688","regulation of leukocyte chemotaxis","13/721","132/18384",0.0984848484848485,2.51115874416845,3.52034652673893,0.00206548552954558,0.0411236308134752,0.0367752402249581,"Slamf8/Slit2/Cxcl13/Serpine1/Vegfc/Cx3cl1/Gpr18/Dapk2/Ccl2/Nedd9/Thbs4/Pgf/Trem1",13
"GO:0061178","GO:0061178","regulation of insulin secretion involved in cellular response to glucose stimulus","10/721","87/18384",0.114942528735632,2.93079535128414,3.64711550947783,0.00212435234556272,0.0421059971631713,0.03765373168557,"Cacna1e/Mpc2/Mup2/Mup1/Mup11/Mup3/Ghrl/C2cd2l/Sybu/Abcg1",10
"GO:0010888","GO:0010888","negative regulation of lipid storage","6/721","35/18384",0.171428571428571,4.3710719239152,4.03310410000376,0.00218688000959732,0.0431518287608043,0.0385889776129603,"Mup2/Mup1/Mup11/Mup3/Lep/Abcg1",6
"GO:0010919","GO:0010919","regulation of inositol phosphate biosynthetic process","4/721","15/18384",0.266666666666667,6.79944521497919,4.53976021088106,0.00226564718326765,0.0443104449116947,0.0396250823156499,"Ptafr/Adcyap1r1/Snca/Pth1r",4
"GO:0034375","GO:0034375","high-density lipoprotein particle remodeling","4/721","15/18384",0.266666666666667,6.79944521497919,4.53976021088106,0.00226564718326765,0.0443104449116947,0.0396250823156499,"Pltp/Apoc3/Abcg1/Lipg",4
"GO:0051924","GO:0051924","regulation of calcium ion transport","21/721","270/18384",0.0777777777777778,1.9831715210356,3.28811941873782,0.00230914854885246,0.0449622757089333,0.040207988875219,"Casq1/Aplnr/Rem1/Fmr1/G6pdx/Ngf/Serpine1/Adcyap1r1/Snca/Clec4b1/Atp2a1/Trdn/Jsrp1/Cx3cl1/Rrad/Fgf14/Stac/Ryr2/Rapgef3/Ehd3/Adrb1",21
"GO:0052548","GO:0052548","regulation of endopeptidase activity","21/721","271/18384",0.0774907749077491,1.97585354494322,3.26977363342375,0.00241369700522801,0.0467836195359667,0.0418367447862717,"Serpinb2/Bmyc/Ngf/Serpine1/Snca/Ret/Gapdh/Gapdhrt2/Atp2a3/Egln3/Serpina1b/Serpina1d/Serpina1a/Serpina1c/Serpina1e/Serpina3j/Serpina3k/Serpina3m/Serpind1/Trp63/Gapdh-ps15",21
"GO:0050920","GO:0050920","regulation of chemotaxis","18/721","218/18384",0.0825688073394495,2.10533280739035,3.31692188552534,0.00243028962654835,0.0467836195359667,0.0418367447862717,"Slamf8/Sema3a/Slit2/Cxcl13/Serpine1/Plxna4/Angpt2/Vegfc/Cx3cl1/Mycbp2/Gpr18/Dapk2/Ccl2/Nedd9/Thbs4/Pgf/Trem1/Fgf1",18
"GO:1990845","GO:1990845","adaptive thermogenesis","15/721","167/18384",0.0898203592814371,2.29023229546455,3.38400741746847,0.00243444174055935,0.0467836195359667,0.0418367447862717,"Pm20d1/Fabp5/Elovl6/Lep/Ghrl/Bmal1/Sorl1/Map2k6/Irf4/Gadd45g/Npr3/Adamts5/Actn3/Scd1/Adrb1",15
"GO:0019216","GO:0019216","regulation of lipid metabolic process","26/721","364/18384",0.0714285714285714,1.821279968298,3.19748208702101,0.0024877879893179,0.0475714033522794,0.0425412287658512,"Fmo4/Pdk1/Fabp5/Fdps/Rorc/Mup2/Mup1/Mup11/Mup3/Acacb/Lep/Snca/Apoc1/Klhl25/Thrsp/Irs2/Nr1d2/Sorl1/Apoc3/Clcn2/Abcg1/C3/Asxl3/Fgf1/Pcx/Gpam",26
"GO:0006636","GO:0006636","unsaturated fatty acid biosynthetic process","7/721","48/18384",0.145833333333333,3.71844660194175,3.81006791120311,0.00251452647513989,0.0475714033522794,0.0425412287658512,"Ptges/Fabp5/Elovl6/Alox15/Scd3/Scd4/Scd1",7
"GO:0019731","GO:0019731","antibacterial humoral response","7/721","48/18384",0.145833333333333,3.71844660194175,3.81006791120311,0.00251452647513989,0.0475714033522794,0.0425412287658512,"Slpi/H2bc21/Jchain/Lgals4/Adm/Trf/Wfdc21",7
"GO:0051289","GO:0051289","protein homotetramerization","8/721","61/18384",0.131147540983607,3.34398944998977,3.70480940803805,0.0025259413932014,0.0475714033522794,0.0425412287658512,"Tdo2/Acacb/Ryr1/Aldoa/Pkm/Aldh1a2/Me1/Acaca",8
"GO:0043501","GO:0043501","skeletal muscle adaptation","5/721","25/18384",0.2,5.0995839112344,4.14408700646647,0.00252924882076598,0.0475714033522794,0.0425412287658512,"Cacna1s/Gtf2ird1/Acta1/Myoz1/Actn3",5
"GO:0071333","GO:0071333","cellular response to glucose stimulus","15/721","168/18384",0.0892857142857143,2.2765999603725,3.35835459927332,0.00257908134413179,0.0483031336485699,0.0431955862944463,"Cacna1e/Mpc2/Mup2/Mup1/Mup11/Mup3/Aacs/Ghrl/Irs2/C2cd2l/Apoc3/Gck/Ccl2/Sybu/Abcg1",15
"GO:0001678","GO:0001678","intracellular glucose homeostasis","16/721","185/18384",0.0864864864864865,2.20522547512839,3.32869494185452,0.00260758851030594,0.0484471944234572,0.0433244141605339,"Cacna1e/Mpc2/Mup2/Mup1/Mup11/Mup3/Aacs/Ghrl/Fcor/Irs2/C2cd2l/Apoc3/Gck/Ccl2/Sybu/Abcg1",16
"GO:0043270","GO:0043270","positive regulation of monoatomic ion transport","19/721","237/18384",0.080168776371308,2.04413701083235,3.26868323134531,0.00260869508434,0.0484471944234572,0.0433244141605339,"Casq1/Aplnr/G6pdx/Serpine1/Lep/Adcyap1r1/Snca/Clec4b1/Scn1b/Atp2a1/Trdn/Kcnc2/Cx3cl1/Fgf14/Stac/Ccl2/Rapgef3/Ehd3/Adrb1",19
"GO:1990830","GO:1990830","cellular response to leukemia inhibitory factor","14/721","152/18384",0.0921052631578947,2.34849259070005,3.37284818736569,0.00265782533744726,0.0491530878306146,0.0439556667787468,"Nrp2/Snx10/Rps16/Vegfc/Klf5/Mir365-2/Egln3/Syngr1/Tfrc/Mpc1/Rfx2/Spry4/Smad7/Gldc",14
"GO:0072329","GO:0072329","monocarboxylic acid catabolic process","13/721","136/18384",0.0955882352941176,2.43730113404585,3.39901575631889,0.00269094488651144,0.0495582349932523,0.0443179738984669,"Acoxl/Sesn2/Pgd/Acacb/Lep/Cyp26b1/Ldha/Echdc1/Aldh1l2/Irs2/Ldhd/Nudt7/Acox2",13
"GO:0071695","GO:0071695","anatomical structure maturation","22/721","292/18384",0.0753424657534247,1.92107613094446,3.20543707418664,0.00272680610354708,0.0496796604218166,0.0444265598675688,"Fzd5/Grb14/Epb42/G6pdx/Tmem79/Ngf/Fam20c/Lep/Snx10/Ret/Ryr1/Dchs1/Pcsk4/Cspg4/Aldh1a2/Adamts7/Pth1r/Septin4/Nrcam/Ropn1l/C3/Actn3",22
"GO:0048771","GO:0048771","tissue remodeling","17/721","203/18384",0.083743842364532,2.13529375593558,3.28617718622873,0.00273329352965029,0.0496796604218166,0.0444265598675688,"Bbln/Ypel4/Lep/Snx10/Hoxa3/Angpt2/Inpp4b/Cspg4/Trf/Pth1r/Ccl2/Thbs4/Npr3/Dcstamp/Tbx1/Tfrc/Cbs",17
"GO:0034764","GO:0034764","positive regulation of transmembrane transport","19/721","238/18384",0.0798319327731092,2.03554819986247,3.24871740221426,0.00273419312031565,0.0496796604218166,0.0444265598675688,"Casq1/Aplnr/G6pdx/Adcyap1r1/Snca/Clec4b1/Scn1b/Atp2a1/Trdn/Kcnc2/Irs2/Cx3cl1/Fgf14/Stac/Ccl2/Rapgef3/C3/Ehd3/Adrb1",19
"GO:0002526","GO:0002526","acute inflammatory response","11/721","105/18384",0.104761904761905,2.6712106201704,3.46971026891827,0.00274249709115911,0.0496796604218166,0.0444265598675688,"Ptges/Orm1/Orm3/Orm2/Pla2g2d/Saa3/Serpina1b/Serpina1a/Bdkrb2/Tfrc/C3",11
